Wine Type,Supplier SOH,Variety(ies),Wine Name,Vintage,RRP,Discount RRP,Winery,Website,Location,Supplier Contact Name,Supplier Contact Email,Supplier Contact Phone,Verification Note
Sparkling,,Méthode Cap Classique,Méthode Cap Classique Brut,,,,Webersburg Wine Estate,http://www.webersburg.co.za/,"XRVV+P7 Webersburg Estate, Annandale Rd, Stellenbosch, 7600, South Africa",,,021 881 3636,
Rose,,Méthode Cap Classique,MÉTHODE CAP CLASSIQUE BRUT ROSE,,,,Webersburg Wine Estate,http://www.webersburg.co.za/,"XRVV+P7 Webersburg Estate, Annandale Rd, Stellenbosch, 7600, South Africa",,,021 881 3636,
Rose,,Rosé,ROSÉ,2023,,,Webersburg Wine Estate,http://www.webersburg.co.za/,"XRVV+P7 Webersburg Estate, Annandale Rd, Stellenbosch, 7600, South Africa",,,021 881 3636,
White,,Sauvignon Blanc,SAUVIGNON BLANC,2023,,,Webersburg Wine Estate,http://www.webersburg.co.za/,"XRVV+P7 Webersburg Estate, Annandale Rd, Stellenbosch, 7600, South Africa",,,021 881 3636,
Red,,Cabernet Sauvignon,CABERNET SAUVIGNON,2017,,,Webersburg Wine Estate,http://www.webersburg.co.za/,"XRVV+P7 Webersburg Estate, Annandale Rd, Stellenbosch, 7600, South Africa",,,021 881 3636,
Red,,Cabernet Sauvignon,SHOBI – Limited Collection,2018,,,Webersburg Wine Estate,http://www.webersburg.co.za/,"XRVV+P7 Webersburg Estate, Annandale Rd, Stellenbosch, 7600, South Africa",,,021 881 3636,
Red,,Blend,Bastiaan Blend,2018,,,Webersburg Wine Estate,http://www.webersburg.co.za/,"XRVV+P7 Webersburg Estate, Annandale Rd, Stellenbosch, 7600, South Africa",,,021 881 3636,
Red,,,,,,,Eikendal Vineyards,http://www.eikendal.com/,"R44, Raithby, 7601, South Africa",,,021 855 1422,
White,,,,,,,Stellenbosch Hills,http://www.stellenbosch-hills.co.za/,"c/o R310 & Vlottenburg Road, Vlottenburg, Stellenbosch, 7604, South Africa",,,021 881 3828,
Rose,Not specified,Not specified,Skilpadvlei Rosé 2023,2023,R105.00,Not specified,Skilpadvlei Wine Estate,http://www.skilpadvlei.co.za/,"Skilpadvlei Farm M12 Polkadraai Road Stellenbosch, Cape Town, 7604, South Africa",,,021 881 3237,
White,Not specified,Not specified,Skilpadvlei Sauvignon Blanc 2023,2023,R125.00,Not specified,Skilpadvlei Wine Estate,http://www.skilpadvlei.co.za/,"Skilpadvlei Farm M12 Polkadraai Road Stellenbosch, Cape Town, 7604, South Africa",,,021 881 3237,
Red,Not specified,Not specified,Skilpadvlei Merlot 2022,2022,R125.00,Not specified,Skilpadvlei Wine Estate,http://www.skilpadvlei.co.za/,"Skilpadvlei Farm M12 Polkadraai Road Stellenbosch, Cape Town, 7604, South Africa",,,021 881 3237,
Red,Not specified,Not specified,Skilpadvlei ML Joubert 2021,2021,R165.00,Not specified,Skilpadvlei Wine Estate,http://www.skilpadvlei.co.za/,"Skilpadvlei Farm M12 Polkadraai Road Stellenbosch, Cape Town, 7604, South Africa",,,021 881 3237,
Rosé,Cinsault,Cinsault,Cellar Selection Rosé,2024,R528.00 / Case,,Kleine Zalze Wine Estate,http://www.kleinezalze.co.za/,"Strand Rd, De Zalze Golf Estate, Stellenbosch, 7600, South Africa",,,021 880 0717,
White,Sauvignon Blanc,Sauvignon Blanc,Cellar Selection Sauvignon Blanc,2024,R528.00 / Case,,Kleine Zalze Wine Estate,http://www.kleinezalze.co.za/,"Strand Rd, De Zalze Golf Estate, Stellenbosch, 7600, South Africa",,,021 880 0717,
White,Chenin Blanc,Chenin Blanc,Cellar Selection Chenin Blanc,2024,R528.00 / Case,,Kleine Zalze Wine Estate,http://www.kleinezalze.co.za/,"Strand Rd, De Zalze Golf Estate, Stellenbosch, 7600, South Africa",,,021 880 0717,
White,Chardonnay,Chardonnay,Cellar Selection Chardonnay,2024,R528.00 / Case,,Kleine Zalze Wine Estate,http://www.kleinezalze.co.za/,"Strand Rd, De Zalze Golf Estate, Stellenbosch, 7600, South Africa",,,021 880 0717,
Red,Merlot,Merlot,Cellar Selection Merlot,2023,R588.00,,Kleine Zalze Wine Estate,http://www.kleinezalze.co.za/,"Strand Rd, De Zalze Golf Estate, Stellenbosch, 7600, South Africa",,,021 880 0717,
Red,Cabernet Sauvignon,Cabernet Sauvignon,Cellar Selection Cabernet Sauvignon,2023,R588.00,,Kleine Zalze Wine Estate,http://www.kleinezalze.co.za/,"Strand Rd, De Zalze Golf Estate, Stellenbosch, 7600, South Africa",,,021 880 0717,
Red,Cabernet Sauvignon,Cabernet Sauvignon,Cellar Selection Cabernet Sauvignon,2023,R588.00 / Case,,Kleine Zalze Wine Estate,http://www.kleinezalze.co.za/,"Strand Rd, De Zalze Golf Estate, Stellenbosch, 7600, South Africa",,,021 880 0717,
Red,Cabernet Sauvignon,Cabernet Sauvignon / Merlot,Cellar Selection Cabernet Sauvignon / Merlot,2022,R588.00 / Case,,Kleine Zalze Wine Estate,http://www.kleinezalze.co.za/,"Strand Rd, De Zalze Golf Estate, Stellenbosch, 7600, South Africa",,,021 880 0717,
Red,Pinotage,Pinotage,Cellar Selection Pinotage,2023,R588.00 / Case,,Kleine Zalze Wine Estate,http://www.kleinezalze.co.za/,"Strand Rd, De Zalze Golf Estate, Stellenbosch, 7600, South Africa",,,021 880 0717,
White,Sauvignon Blanc,Sauvignon Blanc,Cellar Selection Sauvignon Blanc,2024,R528.00 / Case,,Kleine Zalze Wine Estate,http://www.kleinezalze.co.za/,"Strand Rd, De Zalze Golf Estate, Stellenbosch, 7600, South Africa",,,021 880 0717,
White,Sauvignon Blanc,Vineyard Selection,Vineyard Selection Sauvignon Blanc,2024,R978.00 / Case,,Kleine Zalze Wine Estate,http://www.kleinezalze.co.za/,"Strand Rd, De Zalze Golf Estate, Stellenbosch, 7600, South Africa",,,021 880 0717,
White,Sauvignon Blanc,Family Reserve,Family Reserve Sauvignon Blanc,2022,"R1,794.00 / Case",,Kleine Zalze Wine Estate,http://www.kleinezalze.co.za/,"Strand Rd, De Zalze Golf Estate, Stellenbosch, 7600, South Africa",,,021 880 0717,
White,Chenin Blanc,Chenin Blanc,Cellar Selection Chenin Blanc,2024,R528.00 / Case,,Kleine Zalze Wine Estate,http://www.kleinezalze.co.za/,"Strand Rd, De Zalze Golf Estate, Stellenbosch, 7600, South Africa",,,021 880 0717,
White,Chenin Blanc,Vineyard Selection,Vineyard Selection Chenin Blanc,2024,R978.00 / Case,,Kleine Zalze Wine Estate,http://www.kleinezalze.co.za/,"Strand Rd, De Zalze Golf Estate, Stellenbosch, 7600, South Africa",,,021 880 0717,
White,Chenin Blanc,Family Reserve,Family Reserve Chenin Blanc,2023,"R1,794.00 / Case",,Kleine Zalze Wine Estate,http://www.kleinezalze.co.za/,"Strand Rd, De Zalze Golf Estate, Stellenbosch, 7600, South Africa",,,021 880 0717,
White,Chardonnay,Chardonnay,Cellar Selection Chardonnay,2024,R528.00 / Case,,Kleine Zalze Wine Estate,http://www.kleinezalze.co.za/,"Strand Rd, De Zalze Golf Estate, Stellenbosch, 7600, South Africa",,,021 880 0717,
White,Chardonnay,Vineyard Selection,Vineyard Selection Chardonnay,2023,R978.00 / Case,,Kleine Zalze Wine Estate,http://www.kleinezalze.co.za/,"Strand Rd, De Zalze Golf Estate, Stellenbosch, 7600, South Africa",,,021 880 0717,
White,Chardonnay,Family Reserve,Family Reserve Chardonnay,2023,"R1,794.00 / Case",,Kleine Zalze Wine Estate,http://www.kleinezalze.co.za/,"Strand Rd, De Zalze Golf Estate, Stellenbosch, 7600, South Africa",,,021 880 0717,
Red,,Malbec,Cavalli Malbec,2023,R160.00,,Cavalli Estate,https://cavalliestate.com/,"Strand Rd, Somerset West, Cape Town, 7129, South Africa",,,021 855 3218,
Red,,Shiraz,Cavalli Shiraz,2023,R160.00,,Cavalli Estate,https://cavalliestate.com/,"Strand Rd, Somerset West, Cape Town, 7129, South Africa",,,021 855 3218,
White,,Chardonnay,Cavalli Chardonnay,2024,R260.00,,Cavalli Estate,https://cavalliestate.com/,"Strand Rd, Somerset West, Cape Town, 7129, South Africa",,,021 855 3218,
White Blend,,Reserve White,Cavalli Reserve White,2024,R285.00,,Cavalli Estate,https://cavalliestate.com/,"Strand Rd, Somerset West, Cape Town, 7129, South Africa",,,021 855 3218,
Mixed,N/A,"Merlot, Shiraz, Cabernet Sauvignon, Chenin Blanc, Sauvignon Blanc, Sauvignon Blanc/Sémillon",Mixed Case “Intro to Somerbosch”,N/A,R655,N/A,Somerbosch Wine,http://www.somerbosch.co.za/,"Die Fonteine Farm, R44, Stellenbosch, 7600, South Africa",,,021 855 3615,
Mixed,N/A,"Merlot, Shiraz, Cabernet Sauvignon",Mixed Case Red,N/A,R720,N/A,Somerbosch Wine,http://www.somerbosch.co.za/,"Die Fonteine Farm, R44, Stellenbosch, 7600, South Africa",,,021 855 3615,
Mixed,N/A,"Sauvignon Blanc, Sauvignon Blanc/Sémillon, Chenin Blanc",Mixed Case White,N/A,R590,N/A,Somerbosch Wine,http://www.somerbosch.co.za/,"Die Fonteine Farm, R44, Stellenbosch, 7600, South Africa",,,021 855 3615,
Red,N/A,Shiraz,Shiraz 2020,2020,R720 per case,N/A,Somerbosch Wine,http://www.somerbosch.co.za/,"Die Fonteine Farm, R44, Stellenbosch, 7600, South Africa",,,021 855 3615,
Red,N/A,Cabernet Sauvignon,Cabernet Sauvignon 2021,2021,R720 per case,N/A,Somerbosch Wine,http://www.somerbosch.co.za/,"Die Fonteine Farm, R44, Stellenbosch, 7600, South Africa",,,021 855 3615,
Red,N/A,Pinotage,Pinotage 2022,2022,R720 per case,N/A,Somerbosch Wine,http://www.somerbosch.co.za/,"Die Fonteine Farm, R44, Stellenbosch, 7600, South Africa",,,021 855 3615,
Red,N/A,"Shiraz, Merlot",Shiraz/Merlot 2024,2024,R570 per case,N/A,Somerbosch Wine,http://www.somerbosch.co.za/,"Die Fonteine Farm, R44, Stellenbosch, 7600, South Africa",,,021 855 3615,
Red,N/A,Flagship Blend,Kylix Flagship blend 2019,2019,R1560 per case,N/A,Somerbosch Wine,http://www.somerbosch.co.za/,"Die Fonteine Farm, R44, Stellenbosch, 7600, South Africa",,,021 855 3615,
Red,N/A,Merlot,Merlot 2022,2022,R720 per case,N/A,Somerbosch Wine,http://www.somerbosch.co.za/,"Die Fonteine Farm, R44, Stellenbosch, 7600, South Africa",,,021 855 3615,
Rose,N/A,N/A,Rose 2024,2024,R630 per case,N/A,Somerbosch Wine,http://www.somerbosch.co.za/,"Die Fonteine Farm, R44, Stellenbosch, 7600, South Africa",,,021 855 3615,
Red,,Cabernet Sauvignon,Cabernet Sauvignon 2020,2020,"R220,00",,Vredenheim Wine Farm,http://vredenheim.co.za/,"R310 Baden Powell Dr, Lynedoch, Stellenbosch, South Africa",,,021 881 3878,
White,,Chardonnay,Chardonnay 2023,2023,"R205,00",,Vredenheim Wine Farm,http://vredenheim.co.za/,"R310 Baden Powell Dr, Lynedoch, Stellenbosch, South Africa",,,021 881 3878,
Red,,Blend,Gracious Lady 2020,2020,"R215,00",,Vredenheim Wine Farm,http://vredenheim.co.za/,"R310 Baden Powell Dr, Lynedoch, Stellenbosch, South Africa",,,021 881 3878,
Red,,Blend,Akkoord Rooiwyn versnit,,"R200,00",,Vredenheim Wine Farm,http://vredenheim.co.za/,"R310 Baden Powell Dr, Lynedoch, Stellenbosch, South Africa",,,021 881 3878,
Port,,,Cape Vintage Reserve 2021,2021,"R235,00",,Vredenheim Wine Farm,http://vredenheim.co.za/,"R310 Baden Powell Dr, Lynedoch, Stellenbosch, South Africa",,,021 881 3878,
White,,Sauvignon Blanc,Liriek Sauvignon Blanc 2025,2025,"R140,00",,Vredenheim Wine Farm,http://vredenheim.co.za/,"R310 Baden Powell Dr, Lynedoch, Stellenbosch, South Africa",,,021 881 3878,
Red,,Merlot,Merlot 2023,2023,"R120,00",,Vredenheim Wine Farm,http://vredenheim.co.za/,"R310 Baden Powell Dr, Lynedoch, Stellenbosch, South Africa",,,021 881 3878,
Red,,Pinotage,Pinotage 2023,2023,"R100,00",,Vredenheim Wine Farm,http://vredenheim.co.za/,"R310 Baden Powell Dr, Lynedoch, Stellenbosch, South Africa",,,021 881 3878,
Non-Alcoholic,,,Red Grape Juice,,"R55,00",,Vredenheim Wine Farm,http://vredenheim.co.za/,"R310 Baden Powell Dr, Lynedoch, Stellenbosch, South Africa",,,021 881 3878,
Rosé,,,Rosé 2025,2025,"R95,00",,Vredenheim Wine Farm,http://vredenheim.co.za/,"R310 Baden Powell Dr, Lynedoch, Stellenbosch, South Africa",,,021 881 3878,
Red,,Blend,Kanoa Exclusive Blend 2019,2019,R400.00,,Peter Falke Wines,http://www.peterfalkewines.com/,"Annandale Rd, Stellenbosch, 7600, South Africa",,,021 881 3677,
Red,,Cabernet Sauvignon,Kailani Cabernet Sauvignon 2019,2019,R800.00,,Peter Falke Wines,http://www.peterfalkewines.com/,"Annandale Rd, Stellenbosch, 7600, South Africa",,,021 881 3677,
Red,,Syrah,Alani Syrah 2019,2019,R400.00,,Peter Falke Wines,http://www.peterfalkewines.com/,"Annandale Rd, Stellenbosch, 7600, South Africa",,,021 881 3677,
Sparkling,,Cap Classique,Noelina Cap Classique 2018,2018,R340.00,,Peter Falke Wines,http://www.peterfalkewines.com/,"Annandale Rd, Stellenbosch, 7600, South Africa",,,021 881 3677,
White,,Muscat d’Alexandrie,Leilani Muscat d’Alexandrie,,R300.00,,Peter Falke Wines,http://www.peterfalkewines.com/,"Annandale Rd, Stellenbosch, 7600, South Africa",,,021 881 3677,
Red,,Cabernet Sauvignon,Cabernet Sauvignon 2022,2022,R300.00,,Peter Falke Wines,http://www.peterfalkewines.com/,"Annandale Rd, Stellenbosch, 7600, South Africa",,,021 881 3677,
Red,,,Ruby 2018,2018,R230.00,,Peter Falke Wines,http://www.peterfalkewines.com/,"Annandale Rd, Stellenbosch, 7600, South Africa",,,021 881 3677,
Red,,Pinot Noir,Pinot Noir 2020,2020,R300.00,,Peter Falke Wines,http://www.peterfalkewines.com/,"Annandale Rd, Stellenbosch, 7600, South Africa",,,021 881 3677,
White,,Chardonnay,Chardonnay 2023,2023,R300.00,,Peter Falke Wines,http://www.peterfalkewines.com/,"Annandale Rd, Stellenbosch, 7600, South Africa",,,021 881 3677,
White,,Sauvignon Blanc,Sauvignon Blanc 2024,2024,R160.00,,Peter Falke Wines,http://www.peterfalkewines.com/,"Annandale Rd, Stellenbosch, 7600, South Africa",,,021 881 3677,
Sparkling,,Pinot Meunier,Cap Classique Brut,2018,,,Mulderbosch Vineyards,http://www.mulderbosch.co.za/,"Mulderbosch Vineyards, Polkadraai Rd, Stellenbosch, 7600, South Africa",,,021 881 8140,
White,,Sauvignon Blanc,Sauvignon Blanc,2024,,,Mulderbosch Vineyards,http://www.mulderbosch.co.za/,"Mulderbosch Vineyards, Polkadraai Rd, Stellenbosch, 7600, South Africa",,,021 881 8140,
White,,Chenin Blanc,Steen Op Hout,2024,,,Mulderbosch Vineyards,http://www.mulderbosch.co.za/,"Mulderbosch Vineyards, Polkadraai Rd, Stellenbosch, 7600, South Africa",,,021 881 8140,
White,,Chenin Blanc,Old Vine Steen Op Hout,2022,,,Mulderbosch Vineyards,http://www.mulderbosch.co.za/,"Mulderbosch Vineyards, Polkadraai Rd, Stellenbosch, 7600, South Africa",,,021 881 8140,
White,,Chardonnay,Chardonnay,2022,,,Mulderbosch Vineyards,http://www.mulderbosch.co.za/,"Mulderbosch Vineyards, Polkadraai Rd, Stellenbosch, 7600, South Africa",,,021 881 8140,
Rosé,,Cabernet Sauvignon,Cabernet Sauvignon Rosé,2024,,,Mulderbosch Vineyards,http://www.mulderbosch.co.za/,"Mulderbosch Vineyards, Polkadraai Rd, Stellenbosch, 7600, South Africa",,,021 881 8140,
Red,,Blend (Bordeaux varieties),Faithful Hound,2022,,,Mulderbosch Vineyards,http://www.mulderbosch.co.za/,"Mulderbosch Vineyards, Polkadraai Rd, Stellenbosch, 7600, South Africa",,,021 881 8140,
Red,,Blend (Cabernet Franc dominant),Estate Blend,2021,,,Mulderbosch Vineyards,http://www.mulderbosch.co.za/,"Mulderbosch Vineyards, Polkadraai Rd, Stellenbosch, 7600, South Africa",,,021 881 8140,
Red,,Cabernet Franc,Single Vineyard Cabernet Franc,2020,,,Mulderbosch Vineyards,http://www.mulderbosch.co.za/,"Mulderbosch Vineyards, Polkadraai Rd, Stellenbosch, 7600, South Africa",,,021 881 8140,
Red Wine,,,SMG 2022,2022,,,Guardian Peak Winery & Grill,http://www.guardianpeak.com/,"Annandale Rd, Stellenbosch NU, Stellenbosch, 7600, South Africa",,,021 881 3899,
Red Wine,Available,Merlot,Merlot 2023,2023,Not specified,Not specified,Guardian Peak Winery & Grill,http://www.guardianpeak.com/,"Annandale Rd, Stellenbosch NU, Stellenbosch, 7600, South Africa",,,021 881 3899,
White Wine,Available,Sauvignon Blanc,Sauvignon Blanc 2024,2024,Not Listed,Not Listed,Guardian Peak Winery & Grill,http://www.guardianpeak.com/,"Annandale Rd, Stellenbosch NU, Stellenbosch, 7600, South Africa",,,021 881 3899,
Red,Not listed,"Pinotage, Shiraz",Avalon,Not listed,1950,Not available,Asara Wine Estate & Hotel,http://www.asara.co.za/,"Polkadraai Rd, Baden Powell Dr, &, Stellenbosch, 7600, South Africa",,,021 888 8000,
Red,Not listed,Bordeaux Blend,The Bell Tower,Not listed,695,Not available,Asara Wine Estate & Hotel,http://www.asara.co.za/,"Polkadraai Rd, Baden Powell Dr, &, Stellenbosch, 7600, South Africa",,,021 888 8000,
Sparkling,Not listed,Not listed,Cap Classique,Not listed,295,Not available,Asara Wine Estate & Hotel,http://www.asara.co.za/,"Polkadraai Rd, Baden Powell Dr, &, Stellenbosch, 7600, South Africa",,,021 888 8000,
White,Not listed,Not listed,Vine Dried Sauvignon Blanc,Not listed,185,Not available,Asara Wine Estate & Hotel,http://www.asara.co.za/,"Polkadraai Rd, Baden Powell Dr, &, Stellenbosch, 7600, South Africa",,,021 888 8000,
Case,Sold Out,,Advini Essentials: Awarded Wines Case,,R675.00,R594.00,Stellenbosch Vineyards,http://www.stellenboschvineyards.co.za/,"R310 Baden Powell Dr, Lynedoch, Stellenbosch, 7603, South Africa",,,021 881 3870,
Red Wine,Available,Petit Verdot,Petit Verdot 2018,2018,R550.00,,Stellenbosch Vineyards,http://www.stellenboschvineyards.co.za/,"R310 Baden Powell Dr, Lynedoch, Stellenbosch, 7603, South Africa",,,021 881 3870,
Red Wine,Available,Red Blend,Right Bank 2018,2018,R550.00,,Stellenbosch Vineyards,http://www.stellenboschvineyards.co.za/,"R310 Baden Powell Dr, Lynedoch, Stellenbosch, 7603, South Africa",,,021 881 3870,
Red Wine,Available,Cabernet Franc,Cabernet Franc 2018,2018,R550.00,,Stellenbosch Vineyards,http://www.stellenboschvineyards.co.za/,"R310 Baden Powell Dr, Lynedoch, Stellenbosch, 7603, South Africa",,,021 881 3870,
White Wine,Available,Chenin Blanc,Limited Release Chenin Blanc 2022,2022,R275.00,,Stellenbosch Vineyards,http://www.stellenboschvineyards.co.za/,"R310 Baden Powell Dr, Lynedoch, Stellenbosch, 7603, South Africa",,,021 881 3870,
White Wine,Available,Verdelho,Limited Release Verdelho 2021,2021,R250.00,,Stellenbosch Vineyards,http://www.stellenboschvineyards.co.za/,"R310 Baden Powell Dr, Lynedoch, Stellenbosch, 7603, South Africa",,,021 881 3870,
White Wine,Sold Out,Therona,Limited Release Therona 2023,2023,R250.00,,Stellenbosch Vineyards,http://www.stellenboschvineyards.co.za/,"R310 Baden Powell Dr, Lynedoch, Stellenbosch, 7603, South Africa",,,021 881 3870,
Red Wine,Available,Cinsault,Limited Release Cinsault 2020,2020,R250.00,,Stellenbosch Vineyards,http://www.stellenboschvineyards.co.za/,"R310 Baden Powell Dr, Lynedoch, Stellenbosch, 7603, South Africa",,,021 881 3870,
Red Wine,Sold Out,Grenache,Limited Release Grenache 2023,2023,R250.00,,Stellenbosch Vineyards,http://www.stellenboschvineyards.co.za/,"R310 Baden Powell Dr, Lynedoch, Stellenbosch, 7603, South Africa",,,021 881 3870,
White Wine,Sold Out,Chenin Blanc,Credo Chenin Blanc 2023,2023,R175.00,,Stellenbosch Vineyards,http://www.stellenboschvineyards.co.za/,"R310 Baden Powell Dr, Lynedoch, Stellenbosch, 7603, South Africa",,,021 881 3870,
Red Wine,In Stock,Not specified,Three Graces 2022,2022,480,,Graceland Vineyards,http://www.gracelandvineyards.com/,"Stellenrust Rd, Stellenbosch NU, Stellenbosch, 7600, South Africa",,,082 441 2680,
,,,Strawberry Fields 2021,2021,R250.00,,Graceland Vineyards,http://www.gracelandvineyards.com/,"Stellenrust Rd, Stellenbosch NU, Stellenbosch, 7600, South Africa",,,082 441 2680,
Red Wine,,Shiraz,Shiraz 2023,2023,R240.00,,Graceland Vineyards,http://www.gracelandvineyards.com/,"Stellenrust Rd, Stellenbosch NU, Stellenbosch, 7600, South Africa",,,082 441 2680,
White Wine,Available,Chenin Blanc,21 Gables Chenin Blanc 2022,2022,R340.00,,Spier Wine Farm,https://www.spier.co.za/,"R310 Baden Powell Dr, Stellenbosch, 7603, South Africa",,,021 809 1100,
White Wine,In Stock,Chardonnay,Signature Chardonnay,Not Specified,R95.00,,Spier Wine Farm,https://www.spier.co.za/,"R310 Baden Powell Dr, Stellenbosch, 7603, South Africa",,,021 809 1100,
Red,N/A,Syrah,Rust en Vrede Estate Vineyards Syrah,2022,R450.00,N/A,Rust en Vrede Wine Estate,http://rustenvrede.com/,"Annandale Rd, Stellenbosch, 7600, South Africa",,,021 881 3881,
Red,N/A,"59% Cabernet Sauvignon, 31% Syrah, 10% Merlot",Rust en Vrede Estate,2021,R650.00,N/A,Rust en Vrede Wine Estate,http://rustenvrede.com/,"Annandale Rd, Stellenbosch, 7600, South Africa",,,021 881 3881,
Red,N/A,"59% Cabernet Sauvignon, 31% Syrah, 10% Merlot",Rust en Vrede Estate Magnum,2021,"R1,650.00",N/A,Rust en Vrede Wine Estate,http://rustenvrede.com/,"Annandale Rd, Stellenbosch, 7600, South Africa",,,021 881 3881,
Brandy,N/A,Aged 12 Years,Rust en Vrede Estate Potstill Brandy,N/A,"R1,500.00",N/A,Rust en Vrede Wine Estate,http://rustenvrede.com/,"Annandale Rd, Stellenbosch, 7600, South Africa",,,021 881 3881,
Red,N/A,Cabernet Sauvignon,Rust en Vrede Estate Vineyards Cabernet Sauvignon,2022,R450.00,N/A,Rust en Vrede Wine Estate,http://rustenvrede.com/,"Annandale Rd, Stellenbosch, 7600, South Africa",,,021 881 3881,
Red,N/A,Syrah,Rust en Vrede Single Vineyard Syrah,2018,"R1,800.00",N/A,Rust en Vrede Wine Estate,http://rustenvrede.com/,"Annandale Rd, Stellenbosch, 7600, South Africa",,,021 881 3881,
Red Wine,Request Allocation,Cabernet Sauvignon,Estate Reserve Cabernet,2015,,,Waterford Estate,http://www.waterfordestate.co.za/,"Upper Blaauwklippen Rd, Helderberg Rural, Stellenbosch, 7600, South Africa",,,021 880 5300,
Light-Style Red,,Grenache,Estate Grenache,,,,Waterford Estate,http://www.waterfordestate.co.za/,"Upper Blaauwklippen Rd, Helderberg Rural, Stellenbosch, 7600, South Africa",,,021 880 5300,
Heritage Wine,,Shiraz,Kevin Arnold Shiraz,,,,Waterford Estate,http://www.waterfordestate.co.za/,"Upper Blaauwklippen Rd, Helderberg Rural, Stellenbosch, 7600, South Africa",,,021 880 5300,
Bordeaux Blend,,,Waterford Antigo,,,,Waterford Estate,http://www.waterfordestate.co.za/,"Upper Blaauwklippen Rd, Helderberg Rural, Stellenbosch, 7600, South Africa",,,021 880 5300,
Red Wine,,Cabernet Sauvignon,Estate Reserve Cabernet,,,,Waterford Estate,http://www.waterfordestate.co.za/,"Upper Blaauwklippen Rd, Helderberg Rural, Stellenbosch, 7600, South Africa",,,021 880 5300,
Rose,,Pinotage,Kleine Rust Rose (Pinotage),,,,Stellenrust Wine estate,http://www.stellenrust.co.za/,"Off the R44 between Stellenbosch & Somerset West, On the Stellenrust Road, Stellenbosch NU, Stellenbosch, 7600, South Africa",,,021 880 2283,
Red,,Cabernet Sauvignon,Stellenrust Cabernet Sauvignon,,,,Stellenrust Wine estate,http://www.stellenrust.co.za/,"Off the R44 between Stellenbosch & Somerset West, On the Stellenrust Road, Stellenbosch NU, Stellenbosch, 7600, South Africa",,,021 880 2283,
White,,Chenin Blanc,Stellenrust Chenin Blanc,,,,Stellenrust Wine estate,http://www.stellenrust.co.za/,"Off the R44 between Stellenbosch & Somerset West, On the Stellenrust Road, Stellenbosch NU, Stellenbosch, 7600, South Africa",,,021 880 2283,
Sparkling,,Chenin Blanc,Stellenrust Chenin Blanc Sparkling,,,,Stellenrust Wine estate,http://www.stellenrust.co.za/,"Off the R44 between Stellenbosch & Somerset West, On the Stellenrust Road, Stellenbosch NU, Stellenbosch, 7600, South Africa",,,021 880 2283,
White,,Chenin Blanc,Stellenrust Barrel Fermented Chenin Blanc 57,57,,,Stellenrust Wine estate,http://www.stellenrust.co.za/,"Off the R44 between Stellenbosch & Somerset West, On the Stellenrust Road, Stellenbosch NU, Stellenbosch, 7600, South Africa",,,021 880 2283,
Red,,Bordeaux-style Blend,Signature,2017,"R900,00",,Ernie Els Wines,http://www.ernieelswines.com/,"Annandale Rd, Stellenbosch NU, Stellenbosch, 7600, South Africa",,,021 881 3588,
Red,,Bordeaux-style Blend,Signature,2016,"R1 350,00",,Ernie Els Wines,http://www.ernieelswines.com/,"Annandale Rd, Stellenbosch NU, Stellenbosch, 7600, South Africa",,,021 881 3588,
Red,,Bordeaux-style Blend,Signature,2014,"R1 450,00",,Ernie Els Wines,http://www.ernieelswines.com/,"Annandale Rd, Stellenbosch NU, Stellenbosch, 7600, South Africa",,,021 881 3588,
Red,,Bordeaux-style Blend,Signature,2013,"R1 500,00",,Ernie Els Wines,http://www.ernieelswines.com/,"Annandale Rd, Stellenbosch NU, Stellenbosch, 7600, South Africa",,,021 881 3588,
Red,,Bordeaux-style Blend,Signature,2002,"R2 450,00",,Ernie Els Wines,http://www.ernieelswines.com/,"Annandale Rd, Stellenbosch NU, Stellenbosch, 7600, South Africa",,,021 881 3588,
Red,,Bordeaux-style Blend,Signature,2001,"R2 750,00",,Ernie Els Wines,http://www.ernieelswines.com/,"Annandale Rd, Stellenbosch NU, Stellenbosch, 7600, South Africa",,,021 881 3588,
Red,,,Signature Magnum,2016,"R2 350,00",,Ernie Els Wines,http://www.ernieelswines.com/,"Annandale Rd, Stellenbosch NU, Stellenbosch, 7600, South Africa",,,021 881 3588,
Red,,,Signature Double Magnum,2017,"R3 900,00",,Ernie Els Wines,http://www.ernieelswines.com/,"Annandale Rd, Stellenbosch NU, Stellenbosch, 7600, South Africa",,,021 881 3588,
Red,,,Signature Jeroboam,2017,"R6 150,00",,Ernie Els Wines,http://www.ernieelswines.com/,"Annandale Rd, Stellenbosch NU, Stellenbosch, 7600, South Africa",,,021 881 3588,
Rosé,,,Big Easy Cabernet Sauvignon Rosé,2023,"R295,00",,Ernie Els Wines,http://www.ernieelswines.com/,"Annandale Rd, Stellenbosch NU, Stellenbosch, 7600, South Africa",,,021 881 3588,
Rosé,,Syrah,Katharien Syrah Rosé 2023,2023,R135.00,,Kleinood,http://www.kleinood.com/,"Blaauwklippen Rd, Stellenbosch, 7600, South Africa",,,021 880 2527,
White,,Viognier,Viognier 2024,2024,R240.00,,Kleinood,http://www.kleinood.com/,"Blaauwklippen Rd, Stellenbosch, 7600, South Africa",,,021 880 2527,
Red,,Syrah,Syrah 2019,2019,R310.00,,Kleinood,http://www.kleinood.com/,"Blaauwklippen Rd, Stellenbosch, 7600, South Africa",,,021 880 2527,
Red,,Syrah,John Spicer Syrah 2018,2018,"R1,150.00",,Kleinood,http://www.kleinood.com/,"Blaauwklippen Rd, Stellenbosch, 7600, South Africa",,,021 880 2527,
White,,Chenin Blanc,Chenin Blanc (buurman) 2024,2024,R330.00,,Kleinood,http://www.kleinood.com/,"Blaauwklippen Rd, Stellenbosch, 7600, South Africa",,,021 880 2527,
White,,Grenache Blanc,Grenache Blanc (inkommer) 2023,2023,R330.00,,Kleinood,http://www.kleinood.com/,"Blaauwklippen Rd, Stellenbosch, 7600, South Africa",,,021 880 2527,
Red,,Mourvédre,Mourvédre (meevaller) 2023,2023,R460.00,,Kleinood,http://www.kleinood.com/,"Blaauwklippen Rd, Stellenbosch, 7600, South Africa",,,021 880 2527,
Red Blend,,,de Herder Red Blend 2022,2022,R810.00,,Kleinood,http://www.kleinood.com/,"Blaauwklippen Rd, Stellenbosch, 7600, South Africa",,,021 880 2527,
Red Wine,select customers only,,Dornier Chronos,,,,Dornier Wine Estate,http://www.dornier.co.za/,"Dornier Road, Upper Blaauwklippen Rd, Stellenbosch, 7600, South Africa",,,021 880 0557,
Red Wine,select customers only,,Dornier Leda,,,,Dornier Wine Estate,http://www.dornier.co.za/,"Dornier Road, Upper Blaauwklippen Rd, Stellenbosch, 7600, South Africa",,,021 880 0557,
Red Wine,select customers only,,Dornier Scarlette,,,,Dornier Wine Estate,http://www.dornier.co.za/,"Dornier Road, Upper Blaauwklippen Rd, Stellenbosch, 7600, South Africa",,,021 880 0557,
Red Wine,750ml,Tempranillo,Tempranillo Reserve,,R275.00,,Dornier Wine Estate,http://www.dornier.co.za/,"Dornier Road, Upper Blaauwklippen Rd, Stellenbosch, 7600, South Africa",,,021 880 0557,
White Wine,750ml,Pinot Grigio,Pinot Grigio,,R155.00,,Dornier Wine Estate,http://www.dornier.co.za/,"Dornier Road, Upper Blaauwklippen Rd, Stellenbosch, 7600, South Africa",,,021 880 0557,
Red Wine,750ml,Merlot,Cocoa Hill Merlot,,R135.00,,Dornier Wine Estate,http://www.dornier.co.za/,"Dornier Road, Upper Blaauwklippen Rd, Stellenbosch, 7600, South Africa",,,021 880 0557,
Red Wine,750ml,Tinta Barocca,Moordenaarskloof Tinta Barocca,,R335.00,,Dornier Wine Estate,http://www.dornier.co.za/,"Dornier Road, Upper Blaauwklippen Rd, Stellenbosch, 7600, South Africa",,,021 880 0557,
Rosé,750ml,Cabernet Sauvignon,Cocoa Hill Rose,,R125.00,,Dornier Wine Estate,http://www.dornier.co.za/,"Dornier Road, Upper Blaauwklippen Rd, Stellenbosch, 7600, South Africa",,,021 880 0557,
Red Wine,750ml,,Cocoa Hill Ruby Red,2020,R135.00,,Dornier Wine Estate,http://www.dornier.co.za/,"Dornier Road, Upper Blaauwklippen Rd, Stellenbosch, 7600, South Africa",,,021 880 0557,
White Wine,750ml,Sauvignon Blanc,Cocoa Hill Sauvignon Blanc,,R125.00,,Dornier Wine Estate,http://www.dornier.co.za/,"Dornier Road, Upper Blaauwklippen Rd, Stellenbosch, 7600, South Africa",,,021 880 0557,
White Wine,750ml,Chenin Blanc,Cocoa Hill Chenin Blanc,,R125.00,,Dornier Wine Estate,http://www.dornier.co.za/,"Dornier Road, Upper Blaauwklippen Rd, Stellenbosch, 7600, South Africa",,,021 880 0557,
Red Wine,750ml,Malbec,Malbec,,R205.00,,Dornier Wine Estate,http://www.dornier.co.za/,"Dornier Road, Upper Blaauwklippen Rd, Stellenbosch, 7600, South Africa",,,021 880 0557,
Red Wine,750ml,Cabernet Sauvignon,Equanimity Cabernet Sauvignon,,R228.00,,Dornier Wine Estate,http://www.dornier.co.za/,"Dornier Road, Upper Blaauwklippen Rd, Stellenbosch, 7600, South Africa",,,021 880 0557,
Red Wine,750ml,Syrah,Siren Syrah,,R228.00,,Dornier Wine Estate,http://www.dornier.co.za/,"Dornier Road, Upper Blaauwklippen Rd, Stellenbosch, 7600, South Africa",,,021 880 0557,
Red Wine,750ml,Pinotage,Pinotage,,R205.00,,Dornier Wine Estate,http://www.dornier.co.za/,"Dornier Road, Upper Blaauwklippen Rd, Stellenbosch, 7600, South Africa",,,021 880 0557,
Red Wine,750ml,,Cabernet Sauvignon / Merlot,,R205.00,,Dornier Wine Estate,http://www.dornier.co.za/,"Dornier Road, Upper Blaauwklippen Rd, Stellenbosch, 7600, South Africa",,,021 880 0557,
Red Wine,750ml,Merlot,Merlot,2021,R205.00,,Dornier Wine Estate,http://www.dornier.co.za/,"Dornier Road, Upper Blaauwklippen Rd, Stellenbosch, 7600, South Africa",,,021 880 0557,
White Wine,750ml,Chenin Blanc,Moordernaarskloof Chenin Blanc,,R315.00,,Dornier Wine Estate,http://www.dornier.co.za/,"Dornier Road, Upper Blaauwklippen Rd, Stellenbosch, 7600, South Africa",,,021 880 0557,
White Wine,750ml,Semillon,Semillon,2022,R235.00,,Dornier Wine Estate,http://www.dornier.co.za/,"Dornier Road, Upper Blaauwklippen Rd, Stellenbosch, 7600, South Africa",,,021 880 0557,
Red Wine,750ml,,Donatus Red,2019,R410.00,,Dornier Wine Estate,http://www.dornier.co.za/,"Dornier Road, Upper Blaauwklippen Rd, Stellenbosch, 7600, South Africa",,,021 880 0557,
Red Wine,750ml,,Dornier CMD,,R850.00,,Dornier Wine Estate,http://www.dornier.co.za/,"Dornier Road, Upper Blaauwklippen Rd, Stellenbosch, 7600, South Africa",,,021 880 0557,
White,,Sauvignon Blanc,BLAAUWKLIPPEN SAUVIGNON BLANC - 6 X 750ML,,R1 140.00,,Blaauwklippen,http://www.blaauwklippen.com/,"Strand Road, R44 Stellenbosch, Stellenbosch, 7600, South Africa",,,021 880 0133,
White,,Chenin Blanc,BLAAUWKLIPPEN CHENIN BLANC - 6 X 750ML,,R900.00,,Blaauwklippen,http://www.blaauwklippen.com/,"Strand Road, R44 Stellenbosch, Stellenbosch, 7600, South Africa",,,021 880 0133,
Rose,,Rose,BLAAUWKLIPPEN ROSE - 6 X 750ML,,R1 020.00,,Blaauwklippen,http://www.blaauwklippen.com/,"Strand Road, R44 Stellenbosch, Stellenbosch, 7600, South Africa",,,021 880 0133,
Red,,Merlot,BLAAUWKLIPPEN MERLOT - 6 X 750ML,,R1 140.00,,Blaauwklippen,http://www.blaauwklippen.com/,"Strand Road, R44 Stellenbosch, Stellenbosch, 7600, South Africa",,,021 880 0133,
Red,,Shiraz,BLAAUWKLIPPEN SHIRAZ - 6 X 750ML,,R1 140.00,,Blaauwklippen,http://www.blaauwklippen.com/,"Strand Road, R44 Stellenbosch, Stellenbosch, 7600, South Africa",,,021 880 0133,
Red,,Zinfandel,BLAAUWKLIPPEN ZINFANDEL - 6 X 750ML,,R1 140.00,,Blaauwklippen,http://www.blaauwklippen.com/,"Strand Road, R44 Stellenbosch, Stellenbosch, 7600, South Africa",,,021 880 0133,
Sparkling,,Zinfandel,BLAAUWKLIPPEN ZINFANDEL CAP CLASSIQUE - 6 X 750ML,,R1 740.00,,Blaauwklippen,http://www.blaauwklippen.com/,"Strand Road, R44 Stellenbosch, Stellenbosch, 7600, South Africa",,,021 880 0133,
Red,,Cabernet Sauvignon,BLAAUWKLIPPEN CABERNET SAUVIGNON - 6 X 750ML,,R1 740.00,,Blaauwklippen,http://www.blaauwklippen.com/,"Strand Road, R44 Stellenbosch, Stellenbosch, 7600, South Africa",,,021 880 0133,
White,,Chardonnay,BLAAUWKLIPPEN CHARDONNAY - 6 X 750ML,,R1 440.00,,Blaauwklippen,http://www.blaauwklippen.com/,"Strand Road, R44 Stellenbosch, Stellenbosch, 7600, South Africa",,,021 880 0133,
Red,,Malbec,BLAAUWKLIPPEN MALBEC - 6 X 750ML,,R1 740.00,,Blaauwklippen,http://www.blaauwklippen.com/,"Strand Road, R44 Stellenbosch, Stellenbosch, 7600, South Africa",,,021 880 0133,
Red,,Bordeaux Blend,BLAAUWKLIPPEN DBK BORDEAUX BLEND - 6 X 750ML,,R2 100.00,,Blaauwklippen,http://www.blaauwklippen.com/,"Strand Road, R44 Stellenbosch, Stellenbosch, 7600, South Africa",,,021 880 0133,
Dessert,,None,BLAAUWKLIPPEN BEFORE & AFTER NV - 4 X 500ML,,R2 360.00,,Blaauwklippen,http://www.blaauwklippen.com/,"Strand Road, R44 Stellenbosch, Stellenbosch, 7600, South Africa",,,021 880 0133,
Red,,Blend,BLAAUWKLIPPEN 41ST BBC WINNING BLEND - 6 X 1.5L,,R2 100.00,,Blaauwklippen,http://www.blaauwklippen.com/,"Strand Road, R44 Stellenbosch, Stellenbosch, 7600, South Africa",,,021 880 0133,
Red,Currently available,Cabernet Sauvignon,Cabernet Sauvignon,2013,Not Available,Not Available,The Hills Wine,http://www.thehillswine.com/,"Chimanimani, Devon Valley Rd, Stellenbosch, 7600, South Africa",,,021 865 2939,
Red,Currently available,Cabernet Sauvignon,Cabernet Sauvignon,2014,Not Available,Not Available,The Hills Wine,http://www.thehillswine.com/,"Chimanimani, Devon Valley Rd, Stellenbosch, 7600, South Africa",,,021 865 2939,
Red,Currently available,Cabernet Sauvignon,Cabernet Sauvignon,2015,Not Available,Not Available,The Hills Wine,http://www.thehillswine.com/,"Chimanimani, Devon Valley Rd, Stellenbosch, 7600, South Africa",,,021 865 2939,
Red,Currently available,Cabernet Sauvignon,Cabernet Sauvignon,2013,Not Available,Not Available,The Hills Wine,http://www.thehillswine.com/,"Chimanimani, Devon Valley Rd, Stellenbosch, 7600, South Africa",,,021 865 2939,
Red,Currently available,Cabernet Sauvignon,Cabernet Sauvignon,2014,Not Available,Not Available,The Hills Wine,http://www.thehillswine.com/,"Chimanimani, Devon Valley Rd, Stellenbosch, 7600, South Africa",,,021 865 2939,
Red,Currently available,Cabernet Sauvignon,Cabernet Sauvignon,2015,Not Available,Not Available,The Hills Wine,http://www.thehillswine.com/,"Chimanimani, Devon Valley Rd, Stellenbosch, 7600, South Africa",,,021 865 2939,
Red,Not available,Pinotage,Momberg Pinotage 2018 Special Edition,2018,Not available,Not available,Middelvlei Wine Estate,http://www.middelvlei.co.za/,"Middelvlei Wine Estate, Flamingo St, Stellenbosch, 7600, South Africa",,,021 883 2565,
Rosé,Not available,Cinsaut,Middelvlei Cinsaut Rosé,Not available,Not available,Not available,Middelvlei Wine Estate,http://www.middelvlei.co.za/,"Middelvlei Wine Estate, Flamingo St, Stellenbosch, 7600, South Africa",,,021 883 2565,
White,Not available,Chardonnay,Middelvlei Unoaked Chardonnay,Not available,Not available,Not available,Middelvlei Wine Estate,http://www.middelvlei.co.za/,"Middelvlei Wine Estate, Flamingo St, Stellenbosch, 7600, South Africa",,,021 883 2565,
Red,Not available,Pinotage,Middelvlei Free-Run Pinotage,2017,Not available,Not available,Middelvlei Wine Estate,http://www.middelvlei.co.za/,"Middelvlei Wine Estate, Flamingo St, Stellenbosch, 7600, South Africa",,,021 883 2565,
Red,Not available,Shiraz,Middelvlei Shiraz,2017,Not available,Not available,Middelvlei Wine Estate,http://www.middelvlei.co.za/,"Middelvlei Wine Estate, Flamingo St, Stellenbosch, 7600, South Africa",,,021 883 2565,
Red,Not available,Cabernet Sauvignon,Middelvlei Cabernet Sauvignon,2017,Not available,Not available,Middelvlei Wine Estate,http://www.middelvlei.co.za/,"Middelvlei Wine Estate, Flamingo St, Stellenbosch, 7600, South Africa",,,021 883 2565,
Red,Not available,Blend,Momberg Blend,Not available,Not available,Not available,Middelvlei Wine Estate,http://www.middelvlei.co.za/,"Middelvlei Wine Estate, Flamingo St, Stellenbosch, 7600, South Africa",,,021 883 2565,
Rosé,,Pinotage,Beyerskloof Pinotage Rosé 2024,2024,R110.00,,Beyerskloof,https://beyerskloof.co.za/,"Koelenhof Street, R304, Koelenhof, Stellenbosch, 7600, South Africa",,,021 865 2135,
Rosé,,Pinotage,Beyerskloof Pinotage Rosé 2024,2024,R660.00,,Beyerskloof,https://beyerskloof.co.za/,"Koelenhof Street, R304, Koelenhof, Stellenbosch, 7600, South Africa",,,021 865 2135,
White,,Chenin Blanc / Pinotage,Beyerskloof Chenin Blanc / Pinotage 2024,2024,R110.00,,Beyerskloof,https://beyerskloof.co.za/,"Koelenhof Street, R304, Koelenhof, Stellenbosch, 7600, South Africa",,,021 865 2135,
White,,Chenin Blanc / Pinotage,Beyerskloof Chenin Blanc / Pinotage 2024,2024,R660.00,,Beyerskloof,https://beyerskloof.co.za/,"Koelenhof Street, R304, Koelenhof, Stellenbosch, 7600, South Africa",,,021 865 2135,
Sparkling,,,Beyerskloof Vonkel 2020,2020,Price unavailable,,Beyerskloof,https://beyerskloof.co.za/,"Koelenhof Street, R304, Koelenhof, Stellenbosch, 7600, South Africa",,,021 865 2135,
Sparkling,,,Beyerskloof Vonkel 2020,2020,Price unavailable,,Beyerskloof,https://beyerskloof.co.za/,"Koelenhof Street, R304, Koelenhof, Stellenbosch, 7600, South Africa",,,021 865 2135,
Red,,Pinotage,Beyerskloof Pinotage 2023,2023,R120.00,,Beyerskloof,https://beyerskloof.co.za/,"Koelenhof Street, R304, Koelenhof, Stellenbosch, 7600, South Africa",,,021 865 2135,
Red,,Pinotage,Beyerskloof Pinotage 2023,2023,R720.00,,Beyerskloof,https://beyerskloof.co.za/,"Koelenhof Street, R304, Koelenhof, Stellenbosch, 7600, South Africa",,,021 865 2135,
Red,,Cabernet Sauvignon / Merlot,Beyerskloof Cabernet Sauvignon / Merlot 2022,2022,R120.00,,Beyerskloof,https://beyerskloof.co.za/,"Koelenhof Street, R304, Koelenhof, Stellenbosch, 7600, South Africa",,,021 865 2135,
Red,,Cabernet Sauvignon / Merlot,Beyerskloof Cabernet Sauvignon / Merlot 2022,2022,R720.00,,Beyerskloof,https://beyerskloof.co.za/,"Koelenhof Street, R304, Koelenhof, Stellenbosch, 7600, South Africa",,,021 865 2135,
Red,,Cape Blend,Beyerskloof Synergy Cape Blend 2022,2022,R160.00,,Beyerskloof,https://beyerskloof.co.za/,"Koelenhof Street, R304, Koelenhof, Stellenbosch, 7600, South Africa",,,021 865 2135,
Red,,Cape Blend,Beyerskloof Synergy Cape Blend 2022,2022,R960.00,,Beyerskloof,https://beyerskloof.co.za/,"Koelenhof Street, R304, Koelenhof, Stellenbosch, 7600, South Africa",,,021 865 2135,
Red,,Pinotage,Beyerskloof Pinotage Reserve 2022,2022,R220.00,,Beyerskloof,https://beyerskloof.co.za/,"Koelenhof Street, R304, Koelenhof, Stellenbosch, 7600, South Africa",,,021 865 2135,
Red,,Pinotage,Beyerskloof Pinotage Reserve 2022,2022,"R1,320.00",,Beyerskloof,https://beyerskloof.co.za/,"Koelenhof Street, R304, Koelenhof, Stellenbosch, 7600, South Africa",,,021 865 2135,
Red,,Cape Blend,Beyerskloof Traildust Cape Blend 2023,2023,R220.00,,Beyerskloof,https://beyerskloof.co.za/,"Koelenhof Street, R304, Koelenhof, Stellenbosch, 7600, South Africa",,,021 865 2135,
Red,,Cape Blend,Beyerskloof Traildust Cape Blend 2023,2023,"R1,320.00",,Beyerskloof,https://beyerskloof.co.za/,"Koelenhof Street, R304, Koelenhof, Stellenbosch, 7600, South Africa",,,021 865 2135,
Dessert,,Cape Vintage,Beyerskloof Lagare Cape Vintage 2022,2022,R240.00,,Beyerskloof,https://beyerskloof.co.za/,"Koelenhof Street, R304, Koelenhof, Stellenbosch, 7600, South Africa",,,021 865 2135,
Dessert,,Cape Vintage,Beyerskloof Lagare Cape Vintage 2022,2022,"R1,440.00",,Beyerskloof,https://beyerskloof.co.za/,"Koelenhof Street, R304, Koelenhof, Stellenbosch, 7600, South Africa",,,021 865 2135,
Red,,Pinotage,Beyerskloof Winemakers Pinotage Reserve 2022,2022,Price unavailable,,Beyerskloof,https://beyerskloof.co.za/,"Koelenhof Street, R304, Koelenhof, Stellenbosch, 7600, South Africa",,,021 865 2135,
Red,,Pinotage,Beyerskloof Winemakers Pinotage Reserve 2022,2022,Price unavailable,,Beyerskloof,https://beyerskloof.co.za/,"Koelenhof Street, R304, Koelenhof, Stellenbosch, 7600, South Africa",,,021 865 2135,
Red,,Pinotage,Beyerskloof Kriekbult Pinotage 2022,2022,R550.00,,Beyerskloof,https://beyerskloof.co.za/,"Koelenhof Street, R304, Koelenhof, Stellenbosch, 7600, South Africa",,,021 865 2135,
Red,,Pinotage,Beyerskloof Kriekbult Pinotage 2022,2022,"R3,300.00",,Beyerskloof,https://beyerskloof.co.za/,"Koelenhof Street, R304, Koelenhof, Stellenbosch, 7600, South Africa",,,021 865 2135,
Red,,Cabernet Sauvignon,Beyerskloof Eerste Ry Cabernet Sauvignon 2021,2021,R700.00,,Beyerskloof,https://beyerskloof.co.za/,"Koelenhof Street, R304, Koelenhof, Stellenbosch, 7600, South Africa",,,021 865 2135,
Red,,Cabernet Sauvignon,Beyerskloof Eerste Ry Cabernet Sauvignon 2021,2021,"R4,200.00",,Beyerskloof,https://beyerskloof.co.za/,"Koelenhof Street, R304, Koelenhof, Stellenbosch, 7600, South Africa",,,021 865 2135,
Red,,Cape Blend,Beyerskloof Faith Cape Blend 2022,2022,"R1,100.00",,Beyerskloof,https://beyerskloof.co.za/,"Koelenhof Street, R304, Koelenhof, Stellenbosch, 7600, South Africa",,,021 865 2135,
Red,,Cape Blend,Beyerskloof Faith Cape Blend 2022,2022,"R6,600.00",,Beyerskloof,https://beyerskloof.co.za/,"Koelenhof Street, R304, Koelenhof, Stellenbosch, 7600, South Africa",,,021 865 2135,
Red,,Pinotage,Beyerskloof Diesel Pinotage 2022,2022,"R1,200.00",,Beyerskloof,https://beyerskloof.co.za/,"Koelenhof Street, R304, Koelenhof, Stellenbosch, 7600, South Africa",,,021 865 2135,
Red,,Pinotage,Beyerskloof Diesel Pinotage 2022,2022,"R7,200.00",,Beyerskloof,https://beyerskloof.co.za/,"Koelenhof Street, R304, Koelenhof, Stellenbosch, 7600, South Africa",,,021 865 2135,
Red,,Pinotage,Beyerskloof Pinotage 2022,2022,R240.00,,Beyerskloof,https://beyerskloof.co.za/,"Koelenhof Street, R304, Koelenhof, Stellenbosch, 7600, South Africa",,,021 865 2135,
Red,,Pinotage,Beyerskloof Pinotage 2022,2022,"R1,440.00",,Beyerskloof,https://beyerskloof.co.za/,"Koelenhof Street, R304, Koelenhof, Stellenbosch, 7600, South Africa",,,021 865 2135,
Red,,Pinotage,Beyerskloof Pinotage 2022,2022,R540.00,,Beyerskloof,https://beyerskloof.co.za/,"Koelenhof Street, R304, Koelenhof, Stellenbosch, 7600, South Africa",,,021 865 2135,
Rosé,,Pinotage,Beyerskloof Pinotage Rosé 2024,2024,R110.00,,Beyerskloof,https://beyerskloof.co.za/,"Koelenhof Street, R304, Koelenhof, Stellenbosch, 7600, South Africa",,,021 865 2135,
Rosé,,Pinotage,Beyerskloof Pinotage Rosé 2024,2024,R660.00,,Beyerskloof,https://beyerskloof.co.za/,"Koelenhof Street, R304, Koelenhof, Stellenbosch, 7600, South Africa",,,021 865 2135,
White,,Chenin Blanc / Pinotage,Beyerskloof Chenin Blanc / Pinotage 2024,2024,R110.00,,Beyerskloof,https://beyerskloof.co.za/,"Koelenhof Street, R304, Koelenhof, Stellenbosch, 7600, South Africa",,,021 865 2135,
White,,Chenin Blanc / Pinotage,Beyerskloof Chenin Blanc / Pinotage 2024,2024,R660.00,,Beyerskloof,https://beyerskloof.co.za/,"Koelenhof Street, R304, Koelenhof, Stellenbosch, 7600, South Africa",,,021 865 2135,
Sparkling,,,Beyerskloof Vonkel 2020,2020,N/A,,Beyerskloof,https://beyerskloof.co.za/,"Koelenhof Street, R304, Koelenhof, Stellenbosch, 7600, South Africa",,,021 865 2135,
Sparkling,,,Beyerskloof Vonkel 2020,2020,N/A,,Beyerskloof,https://beyerskloof.co.za/,"Koelenhof Street, R304, Koelenhof, Stellenbosch, 7600, South Africa",,,021 865 2135,
Red,,Pinotage,Beyerskloof Pinotage 2023,2023,R120.00,,Beyerskloof,https://beyerskloof.co.za/,"Koelenhof Street, R304, Koelenhof, Stellenbosch, 7600, South Africa",,,021 865 2135,
Red,,Pinotage,Beyerskloof Pinotage 2023,2023,R720.00,,Beyerskloof,https://beyerskloof.co.za/,"Koelenhof Street, R304, Koelenhof, Stellenbosch, 7600, South Africa",,,021 865 2135,
Red,,Cabernet Sauvignon / Merlot,Beyerskloof Cabernet Sauvignon / Merlot 2022,2022,R120.00,,Beyerskloof,https://beyerskloof.co.za/,"Koelenhof Street, R304, Koelenhof, Stellenbosch, 7600, South Africa",,,021 865 2135,
Red,,Cabernet Sauvignon / Merlot,Beyerskloof Cabernet Sauvignon / Merlot 2022,2022,R720.00,,Beyerskloof,https://beyerskloof.co.za/,"Koelenhof Street, R304, Koelenhof, Stellenbosch, 7600, South Africa",,,021 865 2135,
Red,,Cape Blend,Beyerskloof Synergy Cape Blend 2022,2022,R160.00,,Beyerskloof,https://beyerskloof.co.za/,"Koelenhof Street, R304, Koelenhof, Stellenbosch, 7600, South Africa",,,021 865 2135,
Red,,Cape Blend,Beyerskloof Synergy Cape Blend 2022,2022,R960.00,,Beyerskloof,https://beyerskloof.co.za/,"Koelenhof Street, R304, Koelenhof, Stellenbosch, 7600, South Africa",,,021 865 2135,
Red,,Pinotage,Beyerskloof Pinotage Reserve 2022,2022,R220.00,,Beyerskloof,https://beyerskloof.co.za/,"Koelenhof Street, R304, Koelenhof, Stellenbosch, 7600, South Africa",,,021 865 2135,
Red,,Pinotage,Beyerskloof Pinotage Reserve 2022,2022,"R1,320.00",,Beyerskloof,https://beyerskloof.co.za/,"Koelenhof Street, R304, Koelenhof, Stellenbosch, 7600, South Africa",,,021 865 2135,
Red,,Cape Blend,Beyerskloof Traildust Cape Blend 2023,2023,R220.00,,Beyerskloof,https://beyerskloof.co.za/,"Koelenhof Street, R304, Koelenhof, Stellenbosch, 7600, South Africa",,,021 865 2135,
Red,,Cape Blend,Beyerskloof Traildust Cape Blend 2023,2023,"R1,320.00",,Beyerskloof,https://beyerskloof.co.za/,"Koelenhof Street, R304, Koelenhof, Stellenbosch, 7600, South Africa",,,021 865 2135,
Dessert,,Cape Vintage,Beyerskloof Lagare Cape Vintage 2022,2022,R240.00,,Beyerskloof,https://beyerskloof.co.za/,"Koelenhof Street, R304, Koelenhof, Stellenbosch, 7600, South Africa",,,021 865 2135,
Dessert,,Cape Vintage,Beyerskloof Lagare Cape Vintage 2022,2022,"R1,440.00",,Beyerskloof,https://beyerskloof.co.za/,"Koelenhof Street, R304, Koelenhof, Stellenbosch, 7600, South Africa",,,021 865 2135,
Red,,Pinotage,Beyerskloof Winemakers Pinotage Reserve 2022,2022,N/A,,Beyerskloof,https://beyerskloof.co.za/,"Koelenhof Street, R304, Koelenhof, Stellenbosch, 7600, South Africa",,,021 865 2135,
Red,,Pinotage,Beyerskloof Winemakers Pinotage Reserve 2022,2022,N/A,,Beyerskloof,https://beyerskloof.co.za/,"Koelenhof Street, R304, Koelenhof, Stellenbosch, 7600, South Africa",,,021 865 2135,
Red,,Pinotage,Beyerskloof Kriekbult Pinotage 2022,2022,R550.00,,Beyerskloof,https://beyerskloof.co.za/,"Koelenhof Street, R304, Koelenhof, Stellenbosch, 7600, South Africa",,,021 865 2135,
Red,,Pinotage,Beyerskloof Kriekbult Pinotage 2022,2022,"R3,300.00",,Beyerskloof,https://beyerskloof.co.za/,"Koelenhof Street, R304, Koelenhof, Stellenbosch, 7600, South Africa",,,021 865 2135,
Red,,Cabernet Sauvignon,Beyerskloof Eerste Ry Cabernet Sauvignon 2021,2021,R700.00,,Beyerskloof,https://beyerskloof.co.za/,"Koelenhof Street, R304, Koelenhof, Stellenbosch, 7600, South Africa",,,021 865 2135,
Red,,Cabernet Sauvignon,Beyerskloof Eerste Ry Cabernet Sauvignon 2021,2021,"R4,200.00",,Beyerskloof,https://beyerskloof.co.za/,"Koelenhof Street, R304, Koelenhof, Stellenbosch, 7600, South Africa",,,021 865 2135,
Red,,Cape Blend,Beyerskloof Faith Cape Blend 2022,2022,"R1,100.00",,Beyerskloof,https://beyerskloof.co.za/,"Koelenhof Street, R304, Koelenhof, Stellenbosch, 7600, South Africa",,,021 865 2135,
Red,,Cape Blend,Beyerskloof Faith Cape Blend 2022,2022,"R6,600.00",,Beyerskloof,https://beyerskloof.co.za/,"Koelenhof Street, R304, Koelenhof, Stellenbosch, 7600, South Africa",,,021 865 2135,
Red,,Pinotage,Beyerskloof Diesel Pinotage 2022,2022,"R1,200.00",,Beyerskloof,https://beyerskloof.co.za/,"Koelenhof Street, R304, Koelenhof, Stellenbosch, 7600, South Africa",,,021 865 2135,
Red,,Pinotage,Beyerskloof Diesel Pinotage 2022,2022,"R7,200.00",,Beyerskloof,https://beyerskloof.co.za/,"Koelenhof Street, R304, Koelenhof, Stellenbosch, 7600, South Africa",,,021 865 2135,
Red,,Pinotage,Beyerskloof Pinotage 2022,2022,R240.00,,Beyerskloof,https://beyerskloof.co.za/,"Koelenhof Street, R304, Koelenhof, Stellenbosch, 7600, South Africa",,,021 865 2135,
Red,,Pinotage,Beyerskloof Pinotage 2022,2022,"R1,440.00",,Beyerskloof,https://beyerskloof.co.za/,"Koelenhof Street, R304, Koelenhof, Stellenbosch, 7600, South Africa",,,021 865 2135,
Red,,Pinotage,Beyerskloof Pinotage 2022,2022,R540.00,,Beyerskloof,https://beyerskloof.co.za/,"Koelenhof Street, R304, Koelenhof, Stellenbosch, 7600, South Africa",,,021 865 2135,
Red,,Syrah,Gravel Hill – Syrah,2019,,,Hartenberg Wine Estate,https://hartenbergestate.com/,"Bottelary Rd, Koelenhof, Stellenbosch, 7605, South Africa",,,021 865 2541,
White,,Riesling,Riesling - Dry Style,2020,,,Hartenberg Wine Estate,https://hartenbergestate.com/,"Bottelary Rd, Koelenhof, Stellenbosch, 7605, South Africa",,,021 865 2541,
Red,,Merlot,Merlot,2019,,,Hartenberg Wine Estate,https://hartenbergestate.com/,"Bottelary Rd, Koelenhof, Stellenbosch, 7605, South Africa",,,021 865 2541,
White,,Chardonnay,The Eleanor – Chardonnay,2020,,,Hartenberg Wine Estate,https://hartenbergestate.com/,"Bottelary Rd, Koelenhof, Stellenbosch, 7605, South Africa",,,021 865 2541,
Red,Out of stock,Cabernet Sauvignon,6 x Neethlingshof 1802 Collection Cabernet Sauvignon 2018,2018,"R3,600.00",N/A,Neethlingshof (1692),http://www.neethlingshof.co.za/,"Polkadraai Rd, Stellenbosch, 7600, South Africa",,,021 883 8988,
Sparkling,Out of stock,N/A,Neethlingshof Cap Classique Brut,NV,R200.00,N/A,Neethlingshof (1692),http://www.neethlingshof.co.za/,"Polkadraai Rd, Stellenbosch, 7600, South Africa",,,021 883 8988,
White,N/A,Sauvignon Blanc,Neethlingshof Estate Sauvignon Blanc,2023,R110.00,N/A,Neethlingshof (1692),http://www.neethlingshof.co.za/,"Polkadraai Rd, Stellenbosch, 7600, South Africa",,,021 883 8988,
White,N/A,Chenin Blanc,Neethlingshof Estate Chenin Blanc,2023,R110.00,N/A,Neethlingshof (1692),http://www.neethlingshof.co.za/,"Polkadraai Rd, Stellenbosch, 7600, South Africa",,,021 883 8988,
White,N/A,N/A,Natural Sweet White,N/A,N/A,N/A,J.C Le Roux,http://www.jcleroux.co.za/,"Devon Valley Rd, Stellenbosch, 7600, South Africa",,,021 865 8200,
Red,N/A,N/A,Natural Sweet Red,N/A,N/A,N/A,J.C Le Roux,http://www.jcleroux.co.za/,"Devon Valley Rd, Stellenbosch, 7600, South Africa",,,021 865 8200,
White,N/A,N/A,Sweet Late Harvest,N/A,N/A,N/A,J.C Le Roux,http://www.jcleroux.co.za/,"Devon Valley Rd, Stellenbosch, 7600, South Africa",,,021 865 8200,
Red,N/A,N/A,Natural Sweet Red,N/A,N/A,N/A,J.C Le Roux,http://www.jcleroux.co.za/,"Devon Valley Rd, Stellenbosch, 7600, South Africa",,,021 865 8200,
White,,Sauvignon Blanc,Sauvignon Blanc promo,2024,"R2,340.00","R1,170.00",Kunjani Wines,https://www.kunjaniwines.co.za/,"Farm 90, 20 Blumberg Drive, Stellenbosch, 7600, South Africa",,,087 630 0409,
Red,,Merlot,Stolen Chicken promotion,2023,"R2,100.00","R1,050.00",Kunjani Wines,https://www.kunjaniwines.co.za/,"Farm 90, 20 Blumberg Drive, Stellenbosch, 7600, South Africa",,,087 630 0409,
White,,Sauvignon Blanc,Kunjani Sauvignon Blanc 2021,2021,R195.00,,Kunjani Wines,https://www.kunjaniwines.co.za/,"Farm 90, 20 Blumberg Drive, Stellenbosch, 7600, South Africa",,,087 630 0409,
White,,Chenin Blanc,Kunjani Chenin Blanc 2022,2022,R195.00,,Kunjani Wines,https://www.kunjaniwines.co.za/,"Farm 90, 20 Blumberg Drive, Stellenbosch, 7600, South Africa",,,087 630 0409,
Rosé,,Rosé,Kunjani ‘Stolen Chicken’ Rosé 2022,2022,R175.00,,Kunjani Wines,https://www.kunjaniwines.co.za/,"Farm 90, 20 Blumberg Drive, Stellenbosch, 7600, South Africa",,,087 630 0409,
Red,,Pinotage,Kunjani Pinotage 2021,2021,R295.00,,Kunjani Wines,https://www.kunjaniwines.co.za/,"Farm 90, 20 Blumberg Drive, Stellenbosch, 7600, South Africa",,,087 630 0409,
Red,,Shiraz,Kunjani Shiraz 2018,2018,R330.00,,Kunjani Wines,https://www.kunjaniwines.co.za/,"Farm 90, 20 Blumberg Drive, Stellenbosch, 7600, South Africa",,,087 630 0409,
Red,,Cabernet Sauvignon,Kunjani Cabernet Sauvignon 2020,2020,R330.00,,Kunjani Wines,https://www.kunjaniwines.co.za/,"Farm 90, 20 Blumberg Drive, Stellenbosch, 7600, South Africa",,,087 630 0409,
White,,Sauvignon Blanc,Old Vine Sauvignon Blanc 2023,2023,R300.00,,Kanu Wines,http://www.kanu.co.za/,"R304, Stellenbosch, 7624, South Africa",,,021 865 2488,
Red,,,Rockwood Red 2024,2024,R780.00,,Kanu Wines,http://www.kanu.co.za/,"R304, Stellenbosch, 7624, South Africa",,,021 865 2488,
Sparkling,,,Angelina Gold Cap Classique 2018,2018,"R1,000.00",,Kanu Wines,http://www.kanu.co.za/,"R304, Stellenbosch, 7624, South Africa",,,021 865 2488,
Sparkling,,,Angelina Cap Classique 2019,2019,"R1,320.00",,Kanu Wines,http://www.kanu.co.za/,"R304, Stellenbosch, 7624, South Africa",,,021 865 2488,
Sparkling,,,Giselle Cap Classique 2019,2019,"R1,440.00",,Kanu Wines,http://www.kanu.co.za/,"R304, Stellenbosch, 7624, South Africa",,,021 865 2488,
Red,,,Sapphyr 2018,2018,"R1,200.00",,Kanu Wines,http://www.kanu.co.za/,"R304, Stellenbosch, 7624, South Africa",,,021 865 2488,
White,,Chenin Blanc,Old Vine Chenin Blanc 2019,2019,R485.00,,Kanu Wines,http://www.kanu.co.za/,"R304, Stellenbosch, 7624, South Africa",,,021 865 2488,
Red,,Cabernet Sauvignon,Cabernet Sauvignon 2019,2019,"R1,680.00",,Kanu Wines,http://www.kanu.co.za/,"R304, Stellenbosch, 7624, South Africa",,,021 865 2488,
Red,,Bordeaux Blend,Keystone (Bordeaux Blend) 2015,2015,"R2,940.00",,Kanu Wines,http://www.kanu.co.za/,"R304, Stellenbosch, 7624, South Africa",,,021 865 2488,
Red,,Bordeaux Blend,Keystone (Bordeaux Blend) 2018,2018,"R1,320.00",,Kanu Wines,http://www.kanu.co.za/,"R304, Stellenbosch, 7624, South Africa",,,021 865 2488,
Red,,Merlot,Merlot 2023,2023,"R1,050.00",,Kanu Wines,http://www.kanu.co.za/,"R304, Stellenbosch, 7624, South Africa",,,021 865 2488,
Red,,Rhone Blend,NuEra (Rhone Blend) 2017,2017,"R1,740.00",,Kanu Wines,http://www.kanu.co.za/,"R304, Stellenbosch, 7624, South Africa",,,021 865 2488,
Red,,Pinotage,Pinotage 2020,2020,"R1,500.00",,Kanu Wines,http://www.kanu.co.za/,"R304, Stellenbosch, 7624, South Africa",,,021 865 2488,
Red,,Shiraz,Shiraz 2020,2020,"R1,110.00",,Kanu Wines,http://www.kanu.co.za/,"R304, Stellenbosch, 7624, South Africa",,,021 865 2488,
Red,,,KCB 2024,2024,"R1,260.00",,Kanu Wines,http://www.kanu.co.za/,"R304, Stellenbosch, 7624, South Africa",,,021 865 2488,
White,,Chenin Blanc,Chenin Blanc 2024,2024,R780.00,,Kanu Wines,http://www.kanu.co.za/,"R304, Stellenbosch, 7624, South Africa",,,021 865 2488,
Red,,Shiraz,Natural Sweet Shiraz 2022,2022,R660.00,,Kanu Wines,http://www.kanu.co.za/,"R304, Stellenbosch, 7624, South Africa",,,021 865 2488,
White,,Sauvignon Blanc,Old Vine Sauvignon Blanc 2023,2023,R300.00,,Kanu Wines,http://www.kanu.co.za/,"R304, Stellenbosch, 7624, South Africa",,,021 865 2488,
Red,,,Rockwood Red 2024,2024,R780.00,,Kanu Wines,http://www.kanu.co.za/,"R304, Stellenbosch, 7624, South Africa",,,021 865 2488,
Sparkling,,,Angelina Gold Cap Classique 2018,2018,"R1,000.00",,Kanu Wines,http://www.kanu.co.za/,"R304, Stellenbosch, 7624, South Africa",,,021 865 2488,
Sparkling,,,Angelina Cap Classique 2019,2019,"R1,320.00",,Kanu Wines,http://www.kanu.co.za/,"R304, Stellenbosch, 7624, South Africa",,,021 865 2488,
Sparkling,,,Giselle Cap Classique 2019,2019,"R1,440.00",,Kanu Wines,http://www.kanu.co.za/,"R304, Stellenbosch, 7624, South Africa",,,021 865 2488,
Red,,,Sapphyr 2018,2018,"R1,200.00",,Kanu Wines,http://www.kanu.co.za/,"R304, Stellenbosch, 7624, South Africa",,,021 865 2488,
White,,Chenin Blanc,Old Vine Chenin Blanc 2019,2019,R485.00,,Kanu Wines,http://www.kanu.co.za/,"R304, Stellenbosch, 7624, South Africa",,,021 865 2488,
Red,,Cabernet Sauvignon,Cabernet Sauvignon 2019,2019,"R1,680.00",,Kanu Wines,http://www.kanu.co.za/,"R304, Stellenbosch, 7624, South Africa",,,021 865 2488,
Red,,Bordeaux Blend,Keystone (Bordeaux Blend) 2015,2015,"R2,940.00",,Kanu Wines,http://www.kanu.co.za/,"R304, Stellenbosch, 7624, South Africa",,,021 865 2488,
Red,,Bordeaux Blend,Keystone (Bordeaux Blend) 2018,2018,"R1,320.00",,Kanu Wines,http://www.kanu.co.za/,"R304, Stellenbosch, 7624, South Africa",,,021 865 2488,
Red,,Merlot,Merlot 2023,2023,"R1,050.00",,Kanu Wines,http://www.kanu.co.za/,"R304, Stellenbosch, 7624, South Africa",,,021 865 2488,
Red,,Rhone Blend,NuEra (Rhone Blend) 2017,2017,"R1,740.00",,Kanu Wines,http://www.kanu.co.za/,"R304, Stellenbosch, 7624, South Africa",,,021 865 2488,
Red,,Pinotage,Pinotage 2020,2020,"R1,500.00",,Kanu Wines,http://www.kanu.co.za/,"R304, Stellenbosch, 7624, South Africa",,,021 865 2488,
Red,,Shiraz,Shiraz 2020,2020,"R1,110.00",,Kanu Wines,http://www.kanu.co.za/,"R304, Stellenbosch, 7624, South Africa",,,021 865 2488,
Red,,,KCB 2024,2024,"R1,260.00",,Kanu Wines,http://www.kanu.co.za/,"R304, Stellenbosch, 7624, South Africa",,,021 865 2488,
White,,Chenin Blanc,Chenin Blanc 2024,2024,R780.00,,Kanu Wines,http://www.kanu.co.za/,"R304, Stellenbosch, 7624, South Africa",,,021 865 2488,
Red,,Shiraz,Natural Sweet Shiraz 2022,2022,R660.00,,Kanu Wines,http://www.kanu.co.za/,"R304, Stellenbosch, 7624, South Africa",,,021 865 2488,
White,,Sauvignon Blanc,Old Vine Sauvignon Blanc 2023,2023,R300.00,,Kanu Wines,http://www.kanu.co.za/,"R304, Stellenbosch, 7624, South Africa",,,021 865 2488,
Red,,,Rockwood Red 2024,2024,R780.00,,Kanu Wines,http://www.kanu.co.za/,"R304, Stellenbosch, 7624, South Africa",,,021 865 2488,
Sparkling,,,Angelina Gold Cap Classique 2018,2018,"R1,000.00",,Kanu Wines,http://www.kanu.co.za/,"R304, Stellenbosch, 7624, South Africa",,,021 865 2488,
Sparkling,,,Angelina Cap Classique 2019,2019,"R1,320.00",,Kanu Wines,http://www.kanu.co.za/,"R304, Stellenbosch, 7624, South Africa",,,021 865 2488,
Sparkling,,,Giselle Cap Classique 2019,2019,"R1,440.00",,Kanu Wines,http://www.kanu.co.za/,"R304, Stellenbosch, 7624, South Africa",,,021 865 2488,
Red,,,Sapphyr 2018,2018,"R1,200.00",,Kanu Wines,http://www.kanu.co.za/,"R304, Stellenbosch, 7624, South Africa",,,021 865 2488,
White,,Chenin Blanc,Old Vine Chenin Blanc 2019,2019,R485.00,,Kanu Wines,http://www.kanu.co.za/,"R304, Stellenbosch, 7624, South Africa",,,021 865 2488,
Red,,Cabernet Sauvignon,Cabernet Sauvignon 2019,2019,"R1,680.00",,Kanu Wines,http://www.kanu.co.za/,"R304, Stellenbosch, 7624, South Africa",,,021 865 2488,
Red,,Bordeaux Blend,Keystone (Bordeaux Blend) 2015,2015,"R2,940.00",,Kanu Wines,http://www.kanu.co.za/,"R304, Stellenbosch, 7624, South Africa",,,021 865 2488,
Red,,Bordeaux Blend,Keystone (Bordeaux Blend) 2018,2018,"R1,320.00",,Kanu Wines,http://www.kanu.co.za/,"R304, Stellenbosch, 7624, South Africa",,,021 865 2488,
Red,,Merlot,Merlot 2023,2023,"R1,050.00",,Kanu Wines,http://www.kanu.co.za/,"R304, Stellenbosch, 7624, South Africa",,,021 865 2488,
Red,,Rhone Blend,NuEra (Rhone Blend) 2017,2017,"R1,740.00",,Kanu Wines,http://www.kanu.co.za/,"R304, Stellenbosch, 7624, South Africa",,,021 865 2488,
Red,,Pinotage,Pinotage 2020,2020,"R1,500.00",,Kanu Wines,http://www.kanu.co.za/,"R304, Stellenbosch, 7624, South Africa",,,021 865 2488,
Red,,Shiraz,Shiraz 2020,2020,"R1,110.00",,Kanu Wines,http://www.kanu.co.za/,"R304, Stellenbosch, 7624, South Africa",,,021 865 2488,
Red,,,KCB 2024,2024,"R1,260.00",,Kanu Wines,http://www.kanu.co.za/,"R304, Stellenbosch, 7624, South Africa",,,021 865 2488,
White,,Chenin Blanc,Chenin Blanc 2024,2024,R780.00,,Kanu Wines,http://www.kanu.co.za/,"R304, Stellenbosch, 7624, South Africa",,,021 865 2488,
Red,,Shiraz,Natural Sweet Shiraz 2022,2022,R660.00,,Kanu Wines,http://www.kanu.co.za/,"R304, Stellenbosch, 7624, South Africa",,,021 865 2488,
Sparkling Wine,N/A,N/A,Thelema Cap Classique 2018,2018,R280.00,N/A,Thelema Mountain Vineyards,https://www.thelema.co.za/,"R310 Helshoogte Rd, Stellenbosch, 7600, South Africa",,,021 885 1924,
Sauvignon Blanc,N/A,"melon, grapefruit",Thelema Sauvignon Blanc 2024,2024,R155.00,N/A,Thelema Mountain Vineyards,https://www.thelema.co.za/,"R310 Helshoogte Rd, Stellenbosch, 7600, South Africa",,,021 885 1924,
White Wine,N/A,"melon, grapefruit",Thelema Mountain White 2024,2024,R155.00,N/A,Thelema Mountain Vineyards,https://www.thelema.co.za/,"R310 Helshoogte Rd, Stellenbosch, 7600, South Africa",,,021 885 1924,
Chardonnay,N/A,N/A,Thelema Chardonnay 2022,2022,N/A,N/A,Thelema Mountain Vineyards,https://www.thelema.co.za/,"R310 Helshoogte Rd, Stellenbosch, 7600, South Africa",,,021 885 1924,
Riesling,N/A,N/A,Thelema Riesling 2019,2019,N/A,N/A,Thelema Mountain Vineyards,https://www.thelema.co.za/,"R310 Helshoogte Rd, Stellenbosch, 7600, South Africa",,,021 885 1924,
Red Wine,N/A,N/A,Thelema Mountain Red 2021,2021,N/A,N/A,Thelema Mountain Vineyards,https://www.thelema.co.za/,"R310 Helshoogte Rd, Stellenbosch, 7600, South Africa",,,021 885 1924,
Cap Classique,,,Thelema Cap Classique 2018,,R280.00,Not available,Thelema Mountain Vineyards,https://www.thelema.co.za/,"R310 Helshoogte Rd, Stellenbosch, 7600, South Africa",,,021 885 1924,
White Wine,,,Thelema Sauvignon Blanc 2024,,R155.00,Not available,Thelema Mountain Vineyards,https://www.thelema.co.za/,"R310 Helshoogte Rd, Stellenbosch, 7600, South Africa",,,021 885 1924,
White Wine,,,Thelema Mountain White 2024,,R115.00,Not available,Thelema Mountain Vineyards,https://www.thelema.co.za/,"R310 Helshoogte Rd, Stellenbosch, 7600, South Africa",,,021 885 1924,
Chardonnay,,,Thelema Chardonnay 2022,,R270.00,Not available,Thelema Mountain Vineyards,https://www.thelema.co.za/,"R310 Helshoogte Rd, Stellenbosch, 7600, South Africa",,,021 885 1924,
White Wine,,,Thelema Riesling 2019,,R170.00,Not available,Thelema Mountain Vineyards,https://www.thelema.co.za/,"R310 Helshoogte Rd, Stellenbosch, 7600, South Africa",,,021 885 1924,
Red Wine,,,Thelema Mountain Red 2021,,R135.00,Not available,Thelema Mountain Vineyards,https://www.thelema.co.za/,"R310 Helshoogte Rd, Stellenbosch, 7600, South Africa",,,021 885 1924,
Red Wine,,,Thelema Shiraz 2020,,R265.00,Not available,Thelema Mountain Vineyards,https://www.thelema.co.za/,"R310 Helshoogte Rd, Stellenbosch, 7600, South Africa",,,021 885 1924,
Red Wine,,,Thelema The Abbey 2021,,R265.00,Not available,Thelema Mountain Vineyards,https://www.thelema.co.za/,"R310 Helshoogte Rd, Stellenbosch, 7600, South Africa",,,021 885 1924,
Red Wine,,,Thelema Grenache 2022,,R280.00,Not available,Thelema Mountain Vineyards,https://www.thelema.co.za/,"R310 Helshoogte Rd, Stellenbosch, 7600, South Africa",,,021 885 1924,
Red Wine,,,Thelema Merlot 2021,,R265.00,Not available,Thelema Mountain Vineyards,https://www.thelema.co.za/,"R310 Helshoogte Rd, Stellenbosch, 7600, South Africa",,,021 885 1924,
Red Wine,,,Thelema Merlot Reserve 2022,,R575.00,Not available,Thelema Mountain Vineyards,https://www.thelema.co.za/,"R310 Helshoogte Rd, Stellenbosch, 7600, South Africa",,,021 885 1924,
Red Wine,,,Thelema Cabernet Sauvignon 2021,,R380.00,Not available,Thelema Mountain Vineyards,https://www.thelema.co.za/,"R310 Helshoogte Rd, Stellenbosch, 7600, South Africa",,,021 885 1924,
Red Wine,,,Thelema Cabernet Sauvignon 2020,,R380.00,Not available,Thelema Mountain Vineyards,https://www.thelema.co.za/,"R310 Helshoogte Rd, Stellenbosch, 7600, South Africa",,,021 885 1924,
Red Wine,,,Thelema The Mint Cabernet Sauvignon 2022,,R575.00,Not available,Thelema Mountain Vineyards,https://www.thelema.co.za/,"R310 Helshoogte Rd, Stellenbosch, 7600, South Africa",,,021 885 1924,
Red Wine,,,Thelema Rabelais 2021,,R890.00,Not available,Thelema Mountain Vineyards,https://www.thelema.co.za/,"R310 Helshoogte Rd, Stellenbosch, 7600, South Africa",,,021 885 1924,
,,,Remhoogte Wine Estate and VUUR Restaurant – Long table tasting experience,N/A,R595.00,,Remhoogte Wine Estate,https://remhoogte.co.za/,"Remhoogte Wine Estate, R44, Stellenbosch, 7600, South Africa",,,021 889 5005,
Red,,Cabernet Sauvignon,Sir Thomas Cullinan Reserve 2019,2019,R480.00,,Remhoogte Wine Estate,https://remhoogte.co.za/,"Remhoogte Wine Estate, R44, Stellenbosch, 7600, South Africa",,,021 889 5005,
Red,,Cabernet Sauvignon,Cabernet Sauvignon Reserve 2020,2020,R480.00,,Remhoogte Wine Estate,https://remhoogte.co.za/,"Remhoogte Wine Estate, R44, Stellenbosch, 7600, South Africa",,,021 889 5005,
Red,,Syrah,Syrah Reserve 2019,2019,R450.00,,Remhoogte Wine Estate,https://remhoogte.co.za/,"Remhoogte Wine Estate, R44, Stellenbosch, 7600, South Africa",,,021 889 5005,
White,,Chenin Blanc,Honeybunch Reserve Chenin Blanc 2024,2024,R355.00,,Remhoogte Wine Estate,https://remhoogte.co.za/,"Remhoogte Wine Estate, R44, Stellenbosch, 7600, South Africa",,,021 889 5005,
Red,,Merlot,Aspect Merlot 2020,2020,R250.00,,Remhoogte Wine Estate,https://remhoogte.co.za/,"Remhoogte Wine Estate, R44, Stellenbosch, 7600, South Africa",,,021 889 5005,
Red,,Blend,Chronicle Estate Blend 2021,2021,R170.00,,Remhoogte Wine Estate,https://remhoogte.co.za/,"Remhoogte Wine Estate, R44, Stellenbosch, 7600, South Africa",,,021 889 5005,
White,,Chenin Blanc,First Light Chenin Blanc 2024,2024,R130.00,,Remhoogte Wine Estate,https://remhoogte.co.za/,"Remhoogte Wine Estate, R44, Stellenbosch, 7600, South Africa",,,021 889 5005,
Red,,Pinotage,Vantage Pinotage 2021,2021,R250.00,,Remhoogte Wine Estate,https://remhoogte.co.za/,"Remhoogte Wine Estate, R44, Stellenbosch, 7600, South Africa",,,021 889 5005,
Red,,Syrah,Free to Be Free to Be Carbonic Syrah 2022,2022,R250.00,,Remhoogte Wine Estate,https://remhoogte.co.za/,"Remhoogte Wine Estate, R44, Stellenbosch, 7600, South Africa",,,021 889 5005,
White,,Blend,Free to Be Orange Wine 2023,2023,R250.00,,Remhoogte Wine Estate,https://remhoogte.co.za/,"Remhoogte Wine Estate, R44, Stellenbosch, 7600, South Africa",,,021 889 5005,
White,,Riesling,Free to Be Vine Dried Riesling 2020,2020,R225.00,,Remhoogte Wine Estate,https://remhoogte.co.za/,"Remhoogte Wine Estate, R44, Stellenbosch, 7600, South Africa",,,021 889 5005,
White,,Riesling,Free to Be Weisser Riesling 2024,2024,R250.00,,Remhoogte Wine Estate,https://remhoogte.co.za/,"Remhoogte Wine Estate, R44, Stellenbosch, 7600, South Africa",,,021 889 5005,
Mixed,,Various,Taste of Remhoogte,N/A,"R1,380.00","R1,635.00",Remhoogte Wine Estate,https://remhoogte.co.za/,"Remhoogte Wine Estate, R44, Stellenbosch, 7600, South Africa",,,021 889 5005,
Mixed,,Various,Summer Mixed Case,N/A,"R1,249.00","R1,470.00",Remhoogte Wine Estate,https://remhoogte.co.za/,"Remhoogte Wine Estate, R44, Stellenbosch, 7600, South Africa",,,021 889 5005,
Rosé,Unknown,Unknown,Cygnus Rosé,Unknown,Unknown,Unknown,Stellekaya Wines,http://www.stellekaya.com/,"Bosmans Crossing, 11 Distillery Rd, Stellenbosch Central, Stellenbosch, 7600, South Africa",,,082 894 4764,
Red,Unknown,Unknown,Hercules,Unknown,Unknown,Unknown,Stellekaya Wines,http://www.stellekaya.com/,"Bosmans Crossing, 11 Distillery Rd, Stellenbosch Central, Stellenbosch, 7600, South Africa",,,082 894 4764,
Red,Unknown,Merlot,Merlot,Unknown,Unknown,Unknown,Stellekaya Wines,http://www.stellekaya.com/,"Bosmans Crossing, 11 Distillery Rd, Stellenbosch Central, Stellenbosch, 7600, South Africa",,,082 894 4764,
Red,Unknown,Cabernet Sauvignon,Cabernet Sauvignon,Unknown,Unknown,Unknown,Stellekaya Wines,http://www.stellekaya.com/,"Bosmans Crossing, 11 Distillery Rd, Stellenbosch Central, Stellenbosch, 7600, South Africa",,,082 894 4764,
Red,Unknown,Malbec,Malbec,Unknown,Unknown,Unknown,Stellekaya Wines,http://www.stellekaya.com/,"Bosmans Crossing, 11 Distillery Rd, Stellenbosch Central, Stellenbosch, 7600, South Africa",,,082 894 4764,
Red,Unknown,Unknown,Orion,Unknown,Unknown,Unknown,Stellekaya Wines,http://www.stellekaya.com/,"Bosmans Crossing, 11 Distillery Rd, Stellenbosch Central, Stellenbosch, 7600, South Africa",,,082 894 4764,
Red,Unknown,Cabernet Franc,Cabernet Franc,Unknown,Unknown,Unknown,Stellekaya Wines,http://www.stellekaya.com/,"Bosmans Crossing, 11 Distillery Rd, Stellenbosch Central, Stellenbosch, 7600, South Africa",,,082 894 4764,
Red,Unknown,Unknown,Cape Cross,Unknown,Unknown,Unknown,Stellekaya Wines,http://www.stellekaya.com/,"Bosmans Crossing, 11 Distillery Rd, Stellenbosch Central, Stellenbosch, 7600, South Africa",,,082 894 4764,
Red,Available,Cabernet Sauvignon,The Boris Vintage 2020,2020,"R515,00",,Louisvale Wines,http://www.louisvale.com/,"Louisvale Wines, Devon Valley Rd, Stellenbosch, 7600, South Africa",,,021 865 2422,
Red,Available,Cabernet Sauvignon,Limited Edition Cabernet Sauvignon 2019,2019,"R310,00",,Louisvale Wines,http://www.louisvale.com/,"Louisvale Wines, Devon Valley Rd, Stellenbosch, 7600, South Africa",,,021 865 2422,
Sparkling,Available,Chardonnay Pinot Noir,Cap Classique Rose Brut,Not specified,"R275,00",,Louisvale Wines,http://www.louisvale.com/,"Louisvale Wines, Devon Valley Rd, Stellenbosch, 7600, South Africa",,,021 865 2422,
Red,Available,Cabernet Sauvignon,Five Barrels,2020,"R540,00",,Louisvale Wines,http://www.louisvale.com/,"Louisvale Wines, Devon Valley Rd, Stellenbosch, 7600, South Africa",,,021 865 2422,
Red,Available,Cabernet Sauvignon,Limited Edition Cabernet Sauvignon 2020,2020,"R310,00",,Louisvale Wines,http://www.louisvale.com/,"Louisvale Wines, Devon Valley Rd, Stellenbosch, 7600, South Africa",,,021 865 2422,
White,Available,Chardonnay,Chardonnay,2024,"R270,00",,Louisvale Wines,http://www.louisvale.com/,"Louisvale Wines, Devon Valley Rd, Stellenbosch, 7600, South Africa",,,021 865 2422,
Sparkling,Available,Rose,Cap Classique Rose,N/A,"R1650,00 for 6x 750ml",,Louisvale Wines,http://www.louisvale.com/,"Louisvale Wines, Devon Valley Rd, Stellenbosch, 7600, South Africa",,,021 865 2422,
Sparkling,Available,Chardonnay,Cap Classique Chardonnay,N/A,"R1650,00 for 6x 750ml",,Louisvale Wines,http://www.louisvale.com/,"Louisvale Wines, Devon Valley Rd, Stellenbosch, 7600, South Africa",,,021 865 2422,
White,Available,Chardonnay,Chardonnay,2024,"R1620,00 for 6x 750ml",,Louisvale Wines,http://www.louisvale.com/,"Louisvale Wines, Devon Valley Rd, Stellenbosch, 7600, South Africa",,,021 865 2422,
Red,Available,Cabernet Sauvignon,Five Barrels – Cabernet Sauvignon,2020,"R3240,00 for 6x 750ml",,Louisvale Wines,http://www.louisvale.com/,"Louisvale Wines, Devon Valley Rd, Stellenbosch, 7600, South Africa",,,021 865 2422,
Red,Available,Blend,The Boris Vintage,2021,"R3090,00 for 6x 750ml",,Louisvale Wines,http://www.louisvale.com/,"Louisvale Wines, Devon Valley Rd, Stellenbosch, 7600, South Africa",,,021 865 2422,
Red,Available,Merlot,Merlot,2018,"R1860,00 for 6x 750ml",,Louisvale Wines,http://www.louisvale.com/,"Louisvale Wines, Devon Valley Rd, Stellenbosch, 7600, South Africa",,,021 865 2422,
Red,Available,Cabernet Sauvignon,Cabernet Sauvignon,2020,"R1860,00 for 6x 750ml",,Louisvale Wines,http://www.louisvale.com/,"Louisvale Wines, Devon Valley Rd, Stellenbosch, 7600, South Africa",,,021 865 2422,
White,Available,Sauvignon Blanc,Sauvignon Blanc,2024,"R810,00 for 6x 750ml",,Louisvale Wines,http://www.louisvale.com/,"Louisvale Wines, Devon Valley Rd, Stellenbosch, 7600, South Africa",,,021 865 2422,
White,Available,Chardonnay,Unwooded Chardonnay,2024,"R810,00 for 6x 750ml",,Louisvale Wines,http://www.louisvale.com/,"Louisvale Wines, Devon Valley Rd, Stellenbosch, 7600, South Africa",,,021 865 2422,
White,Available,Blend,Chavant,2024,"R1200,00 for 6x 750ml",,Louisvale Wines,http://www.louisvale.com/,"Louisvale Wines, Devon Valley Rd, Stellenbosch, 7600, South Africa",,,021 865 2422,
Red,Available,Merlot,Merlot,2022,"R1050,00 for 6x 750ml",,Louisvale Wines,http://www.louisvale.com/,"Louisvale Wines, Devon Valley Rd, Stellenbosch, 7600, South Africa",,,021 865 2422,
Red,Available,Cabernet Sauvignon,Cabernet Sauvignon,2022,"R1050,00 for 6x 750ml",,Louisvale Wines,http://www.louisvale.com/,"Louisvale Wines, Devon Valley Rd, Stellenbosch, 7600, South Africa",,,021 865 2422,
Red,Available,Blend,Dominique,2021,"R1170,00 for 6x 750ml",,Louisvale Wines,http://www.louisvale.com/,"Louisvale Wines, Devon Valley Rd, Stellenbosch, 7600, South Africa",,,021 865 2422,
White,Available,Sauvignon Blanc,Stone Road Sauvignon Blanc,2024,"R570,00 for 6x 750ml",,Louisvale Wines,http://www.louisvale.com/,"Louisvale Wines, Devon Valley Rd, Stellenbosch, 7600, South Africa",,,021 865 2422,
Rose,Available,Cinsault,Stone Road Cinsault Rose,2024,"R690,00 for 6x 750ml",,Louisvale Wines,http://www.louisvale.com/,"Louisvale Wines, Devon Valley Rd, Stellenbosch, 7600, South Africa",,,021 865 2422,
Red,Available,Merlot,Stone Road Merlot,2022,"R570,00 for 6x 750ml",,Louisvale Wines,http://www.louisvale.com/,"Louisvale Wines, Devon Valley Rd, Stellenbosch, 7600, South Africa",,,021 865 2422,
Red,Available,Cabernet Sauvignon,Stone Road Cabernet Sauvignon,2021,"R570,00 for 6x 750ml",,Louisvale Wines,http://www.louisvale.com/,"Louisvale Wines, Devon Valley Rd, Stellenbosch, 7600, South Africa",,,021 865 2422,
Red,Available,Shiraz,Stone Road Shiraz,2020,"R570,00 for 6x 750ml",,Louisvale Wines,http://www.louisvale.com/,"Louisvale Wines, Devon Valley Rd, Stellenbosch, 7600, South Africa",,,021 865 2422,
Rosé,Not specified,Pinotage,Pinotage Rosé 2024,2024,R714.00,R642.50,Lanzerac Wine Estate,http://www.lanzerac.co.za/,"Lanzerac Wine Estate, Lanzerac Rd, Stellenbosch, 7600, South Africa",,,021 887 1132,
Rosé,Not specified,Pinotage,Pinotage Rosé 2024,2024,R714.00,R642.60,Lanzerac Wine Estate,http://www.lanzerac.co.za/,"Lanzerac Wine Estate, Lanzerac Rd, Stellenbosch, 7600, South Africa",,,021 887 1132,
Red,Not specified,Cabernet Sauvignon,April Promotion – Cabernet Sauvignon 2020,2020,"R1,500.00","R1,350.00",Lanzerac Wine Estate,http://www.lanzerac.co.za/,"Lanzerac Wine Estate, Lanzerac Rd, Stellenbosch, 7600, South Africa",,,021 887 1132,
Red,Not specified,Pinotage,April Promotion – Pinotage 2022,2022,"R1,500.00","R1,350.00",Lanzerac Wine Estate,http://www.lanzerac.co.za/,"Lanzerac Wine Estate, Lanzerac Rd, Stellenbosch, 7600, South Africa",,,021 887 1132,
Red Wine,In Stock,Bordeaux Blend,Lady May 2019,2019,"R980,00",,Glenelly Estate,http://glenellyestate.com/,"Ida's Valley, Lelie St, Stellenbosch, 7600, South Africa",,,021 809 6440,
Red Wine,In Stock,Bordeaux Blend,"Lady May 2019 Magnum (1,5L)",2019,"R2060,00",,Glenelly Estate,http://glenellyestate.com/,"Ida's Valley, Lelie St, Stellenbosch, 7600, South Africa",,,021 809 6440,
Red Wine,In Stock,Bordeaux Blend,Estate Reserve Red 2017,2017,"R380,00",,Glenelly Estate,http://glenellyestate.com/,"Ida's Valley, Lelie St, Stellenbosch, 7600, South Africa",,,021 809 6440,
Red Wine,In Stock,Bordeaux Blend,"Estate Reserve Red 2017 Magnum (1,5L)",2017,"R750,00",,Glenelly Estate,http://glenellyestate.com/,"Ida's Valley, Lelie St, Stellenbosch, 7600, South Africa",,,021 809 6440,
White Wine,In Stock,Chardonnay,Estate Reserve Chardonnay 2022,2022,"R380,00",,Glenelly Estate,http://glenellyestate.com/,"Ida's Valley, Lelie St, Stellenbosch, 7600, South Africa",,,021 809 6440,
Red Wine,In Stock,Syrah,Glass Collection Syrah 2022,2022,"R175,00",,Glenelly Estate,http://glenellyestate.com/,"Ida's Valley, Lelie St, Stellenbosch, 7600, South Africa",,,021 809 6440,
Red Wine,In Stock,Merlot,Glass Collection Merlot 2020,2020,"R175,00",,Glenelly Estate,http://glenellyestate.com/,"Ida's Valley, Lelie St, Stellenbosch, 7600, South Africa",,,021 809 6440,
Red Wine,In Stock,Cabernet Sauvignon,Glass Collection Cabernet Sauvignon 2021,2021,"R175,00",,Glenelly Estate,http://glenellyestate.com/,"Ida's Valley, Lelie St, Stellenbosch, 7600, South Africa",,,021 809 6440,
Red Wine,In Stock,Cabernet Franc,Glass Collection Cabernet Franc 2021,2021,"R250,00",,Glenelly Estate,http://glenellyestate.com/,"Ida's Valley, Lelie St, Stellenbosch, 7600, South Africa",,,021 809 6440,
Rosé Wine,In Stock,Blend,Le Rosé de May 2024,2024,"R160,00",,Glenelly Estate,http://glenellyestate.com/,"Ida's Valley, Lelie St, Stellenbosch, 7600, South Africa",,,021 809 6440,
White Wine,In Stock,Chardonnay,Glass Collection Chardonnay 2023,2023,"R160,00",,Glenelly Estate,http://glenellyestate.com/,"Ida's Valley, Lelie St, Stellenbosch, 7600, South Africa",,,021 809 6440,
Mixed Case,In Stock,Various,Mixed Red and White Case,,"R2208,00",,Glenelly Estate,http://glenellyestate.com/,"Ida's Valley, Lelie St, Stellenbosch, 7600, South Africa",,,021 809 6440,
Red,3 bottle case,Unknown,3 bottles of 2022 series m,2022,"R3,930.00",,Vilafonté Wines,http://www.vilafonte.com/,"Vilafonté Wines, Unit 7C Distillery Rd, Stellenbosch Central, Stellenbosch, 7600, South Africa",,,021 886 4083,
Red,wooden case of 6 bottles,Unknown,6 bottles of 2022 series m,2022,"R7,860.00",,Vilafonté Wines,http://www.vilafonte.com/,"Vilafonté Wines, Unit 7C Distillery Rd, Stellenbosch Central, Stellenbosch, 7600, South Africa",,,021 886 4083,
Red,3 bottle case,Unknown,3 bottles of series c 2022,2022,"R5,985.00",,Vilafonté Wines,http://www.vilafonte.com/,"Vilafonté Wines, Unit 7C Distillery Rd, Stellenbosch Central, Stellenbosch, 7600, South Africa",,,021 886 4083,
Red,wooden case of 6 bottles,Unknown,6 bottles of series c 2022,2022,"R11,970.00",,Vilafonté Wines,http://www.vilafonte.com/,"Vilafonté Wines, Unit 7C Distillery Rd, Stellenbosch Central, Stellenbosch, 7600, South Africa",,,021 886 4083,
Red,6 x 750ml in a case,Unknown,seriously old dirt by vilafonté 2022,2022,"R1,590.00",,Vilafonté Wines,http://www.vilafonte.com/,"Vilafonté Wines, Unit 7C Distillery Rd, Stellenbosch Central, Stellenbosch, 7600, South Africa",,,021 886 4083,
Red,4 x magnums in a case,Unknown,seriously old dirt 2022 in magnum,2022,"R2,000.00",,Vilafonté Wines,http://www.vilafonte.com/,"Vilafonté Wines, Unit 7C Distillery Rd, Stellenbosch Central, Stellenbosch, 7600, South Africa",,,021 886 4083,
Red,750ml,Unknown,series m 2022,2022,"R1,310.00",,Vilafonté Wines,http://www.vilafonte.com/,"Vilafonté Wines, Unit 7C Distillery Rd, Stellenbosch Central, Stellenbosch, 7600, South Africa",,,021 886 4083,
Red,750ml,Unknown,series c 2022,2022,"R1,995.00",,Vilafonté Wines,http://www.vilafonte.com/,"Vilafonté Wines, Unit 7C Distillery Rd, Stellenbosch Central, Stellenbosch, 7600, South Africa",,,021 886 4083,
Red,3 bottle case,Unknown,3 bottles of 2022 series m,2022,"R3,930.00",,Vilafonté Wines,http://www.vilafonte.com/,"Vilafonté Wines, Unit 7C Distillery Rd, Stellenbosch Central, Stellenbosch, 7600, South Africa",,,021 886 4083,
Red,wooden case of 6 bottles,Unknown,6 bottles of 2022 series m,2022,"R7,860.00",,Vilafonté Wines,http://www.vilafonte.com/,"Vilafonté Wines, Unit 7C Distillery Rd, Stellenbosch Central, Stellenbosch, 7600, South Africa",,,021 886 4083,
Red,3 bottle case,Unknown,3 bottles of series c 2022,2022,"R5,985.00",,Vilafonté Wines,http://www.vilafonte.com/,"Vilafonté Wines, Unit 7C Distillery Rd, Stellenbosch Central, Stellenbosch, 7600, South Africa",,,021 886 4083,
Red,wooden case of 6 bottles,Unknown,6 bottles of series c 2022,2022,"R11,970.00",,Vilafonté Wines,http://www.vilafonte.com/,"Vilafonté Wines, Unit 7C Distillery Rd, Stellenbosch Central, Stellenbosch, 7600, South Africa",,,021 886 4083,
Red,6 x 750ml in a case,Unknown,seriously old dirt by vilafonté 2022,2022,"R1,590.00",,Vilafonté Wines,http://www.vilafonte.com/,"Vilafonté Wines, Unit 7C Distillery Rd, Stellenbosch Central, Stellenbosch, 7600, South Africa",,,021 886 4083,
Red,4 x magnums in a case,Unknown,seriously old dirt 2022 in magnum,2022,"R2,000.00",,Vilafonté Wines,http://www.vilafonte.com/,"Vilafonté Wines, Unit 7C Distillery Rd, Stellenbosch Central, Stellenbosch, 7600, South Africa",,,021 886 4083,
Red,750ml,Unknown,series m 2022,2022,"R1,310.00",,Vilafonté Wines,http://www.vilafonte.com/,"Vilafonté Wines, Unit 7C Distillery Rd, Stellenbosch Central, Stellenbosch, 7600, South Africa",,,021 886 4083,
Red,750ml,Unknown,series c 2022,2022,"R1,995.00",,Vilafonté Wines,http://www.vilafonte.com/,"Vilafonté Wines, Unit 7C Distillery Rd, Stellenbosch Central, Stellenbosch, 7600, South Africa",,,021 886 4083,
Red,3 bottle case,Unknown,3 bottles of 2022 series m,2022,"R3,930.00",,Vilafonté Wines,http://www.vilafonte.com/,"Vilafonté Wines, Unit 7C Distillery Rd, Stellenbosch Central, Stellenbosch, 7600, South Africa",,,021 886 4083,
Red,wooden case of 6 bottles,Unknown,6 bottles of 2022 series m,2022,"R7,860.00",,Vilafonté Wines,http://www.vilafonte.com/,"Vilafonté Wines, Unit 7C Distillery Rd, Stellenbosch Central, Stellenbosch, 7600, South Africa",,,021 886 4083,
Red,3 bottle case,Unknown,3 bottles of series c 2022,2022,"R5,985.00",,Vilafonté Wines,http://www.vilafonte.com/,"Vilafonté Wines, Unit 7C Distillery Rd, Stellenbosch Central, Stellenbosch, 7600, South Africa",,,021 886 4083,
Red,wooden case of 6 bottles,Unknown,6 bottles of series c 2022,2022,"R11,970.00",,Vilafonté Wines,http://www.vilafonte.com/,"Vilafonté Wines, Unit 7C Distillery Rd, Stellenbosch Central, Stellenbosch, 7600, South Africa",,,021 886 4083,
Red,3 bottle case,Unknown,3 bottles of series m 2022,2022,"R3,930.00",,Vilafonté Wines,http://www.vilafonte.com/,"Vilafonté Wines, Unit 7C Distillery Rd, Stellenbosch Central, Stellenbosch, 7600, South Africa",,,021 886 4083,
Red,wooden case of 6 bottles,Unknown,6 bottles of series m 2022,2022,"R7,860.00",,Vilafonté Wines,http://www.vilafonte.com/,"Vilafonté Wines, Unit 7C Distillery Rd, Stellenbosch Central, Stellenbosch, 7600, South Africa",,,021 886 4083,
Red,3 bottle case,Unknown,3 bottles of series c 2022,2022,"R5,985.00",,Vilafonté Wines,http://www.vilafonte.com/,"Vilafonté Wines, Unit 7C Distillery Rd, Stellenbosch Central, Stellenbosch, 7600, South Africa",,,021 886 4083,
Red,wooden case of 6 bottles,Unknown,6 bottles of series c 2022,2022,"R11,970.00",,Vilafonté Wines,http://www.vilafonte.com/,"Vilafonté Wines, Unit 7C Distillery Rd, Stellenbosch Central, Stellenbosch, 7600, South Africa",,,021 886 4083,
Red,6 x 750ml in a case,Unknown,seriously old dirt by vilafonté 2022,2022,"R1,590.00",,Vilafonté Wines,http://www.vilafonte.com/,"Vilafonté Wines, Unit 7C Distillery Rd, Stellenbosch Central, Stellenbosch, 7600, South Africa",,,021 886 4083,
Red,4 x magnums in a case,Unknown,seriously old dirt 2022 in magnum,2022,"R2,000.00",,Vilafonté Wines,http://www.vilafonte.com/,"Vilafonté Wines, Unit 7C Distillery Rd, Stellenbosch Central, Stellenbosch, 7600, South Africa",,,021 886 4083,
Red,750ml,Unknown,series m 2022,2022,"R1,310.00",,Vilafonté Wines,http://www.vilafonte.com/,"Vilafonté Wines, Unit 7C Distillery Rd, Stellenbosch Central, Stellenbosch, 7600, South Africa",,,021 886 4083,
Red,750ml,Unknown,series c 2022,2022,"R1,995.00",,Vilafonté Wines,http://www.vilafonte.com/,"Vilafonté Wines, Unit 7C Distillery Rd, Stellenbosch Central, Stellenbosch, 7600, South Africa",,,021 886 4083,